2026-06-10 09:23:07,462 [      4]   INFO - #c.i.p.i.b.AppStarter - ------------------------------------------------------ IDE STARTED ------------------------------------------------------
2026-06-10 09:23:07,463 [      5]   INFO - #c.i.p.i.b.AppStarter - loading shell environment is turned off
2026-06-10 09:23:07,464 [      6]   INFO - #c.i.p.i.b.AppStarter - Will skip the config import to directory "/root/.config/idea" (exists = true). Current entries: "ide.vmoptions", "options".
2026-06-10 09:23:07,468 [     10]   INFO - #c.i.p.i.b.AppStarter - JNA library (64-bit) loaded in 5 ms
2026-06-10 09:23:07,474 [     16]   INFO - #c.i.p.i.b.AppStarter - IDE: Qodana for JVM (build #QDJVM-262.7671, Wed, 10 Jun 2026 09:23:07 GMT)
2026-06-10 09:23:07,474 [     16]   INFO - #c.i.p.i.b.AppStarter - OS: Linux (6.12.76-linuxkit)
2026-06-10 09:23:07,475 [     17]   INFO - #c.i.p.i.b.AppStarter - JRE: 25.0.3+9-b508.4, aarch64 (JetBrains s.r.o.)
2026-06-10 09:23:07,475 [     17]   INFO - #c.i.p.i.b.AppStarter - JVM: 25.0.3+9-b508.4 (OpenJDK 64-Bit Server VM)
2026-06-10 09:23:07,475 [     17]   INFO - #c.i.p.i.b.AppStarter - PID: 57
2026-06-10 09:23:07,475 [     17]   INFO - #c.i.p.i.b.AppStarter - Timezone: GMT (Z)
2026-06-10 09:23:07,475 [     17]   INFO - #c.i.p.i.b.AppStarter - desktop: null
2026-06-10 09:23:07,475 [     17]   INFO - #c.i.p.i.b.AppStarter - toolkit: sun.awt.HeadlessToolkit
2026-06-10 09:23:07,478 [     20]   INFO - #c.i.p.i.b.AppStarter - JVM options: [abort, vfprintf, -XX:ErrorFile=/root/java_error_in_idea_%p.log, -XX:HeapDumpPath=/root/java_error_in_idea.hprof, -Xms128m, -XX:JbrShrinkingGcMaxHeapFreeRatio=40, -XX:ReservedCodeCacheSize=512m, -XX:+HeapDumpOnOutOfMemoryError, -XX:-OmitStackTraceInFastThrow, -XX:CICompilerCount=2, -XX:+IgnoreUnrecognizedVMOptions, -XX:+UnlockDiagnosticVMOptions, -XX:TieredOldPercentage=100000, -XX:+UseCompactObjectHeaders, --sun-misc-unsafe-memory-access=allow, -XX:MaxJavaStackTraceDepth=10000, -ea, -Dsun.io.useCanonCaches=false, -Dsun.java2d.metal=true, -Djbr.catch.SIGABRT=true, -Djdk.http.auth.tunneling.disabledSchemes="", -Djdk.attach.allowAttachSelf=true, -Djdk.module.illegalAccess.silent=true, -Djdk.nio.maxCachedBufferSize=2097152, -Djava.util.zip.use.nio.for.zip.file.access=true, -Dkotlinx.coroutines.debug=off, -Dskiko.rendering.useScreenMenuBar=false, -Djava.nio.file.spi.DefaultFileSystemProvider=com.intellij.platform.core.nio.fs.MultiRoutingFileSystemProvider, -Dintellij.plugins.custom.built.in.repository.url=https://buildserver.labs.intellij.net/guestAuth/repository/download/ijplatform_master_IdeaInstallersBuild/969656892:id/IU-plugins/plugins.xml,https://buildserver.labs.intellij.net/guestAuth/repository/download/ijplatform_master_IdeaInstallersBuild/969656892:id/IU-plugins/auto-uploading/plugins.xml, -Dsun.tools.attach.tmp.only=true, -Dawt.lock.fair=true, -Dawt.toolkit.name=auto, -Ddisabled.plugins.file.path=/opt/idea/disabled_plugins.txt, -Didea.config.path=/root/.config/idea, -Didea.headless.enable.statistics=true, -Didea.headless.statistics.device.id=200820300000000-932b-3bd4-ab09-e690524232d4, -Didea.headless.statistics.salt=3311a0845a17b3da93fb2c6c7014905a, -Didea.log.path=/data/results/log, -Didea.plugins.path=/data/cache/plugins/262, -Didea.system.path=/data/cache/idea/262, -Dplugin.path=/opt/idea/custom-plugins/devkit,/opt/idea/custom-plugins/uiDesigner, -Dqodana.automation.guid=076d4a82-8853-41c8-b68b-85300cc010e8, -Dqodana.coverage.input=/data/coverage, -XX:MaxRAMPercentage=70, -Xlog:gc*:/data/results/log/gc.log, -Djb.vmOptionsFile=/root/.config/idea/ide.vmoptions, -Djava.system.class.loader=com.intellij.util.lang.PathClassLoader, -Didea.vendor.name=JetBrains, -Didea.paths.selector=IntelliJIdea2026.2, -Djna.boot.library.path=/opt/idea/lib/jna/aarch64, -Djna.nosys=true, -Djna.noclasspath=true, -Dpty4j.preferred.native.folder=/opt/idea/lib/pty4j, -Dio.netty.allocator.type=pooled, -Dskiko.library.path=/opt/idea/lib/skiko-awt-runtime-all, -Dintellij.platform.runtime.repository.path=/opt/idea/modules/module-descriptors.dat, -Dsplash=true, -Daether.connector.resumeDownloads=false, -Dcompose.swing.render.on.graphics=true, --enable-native-access=ALL-UNNAMED, --add-opens=java.base/java.io=ALL-UNNAMED, --add-opens=java.base/java.lang=ALL-UNNAMED, --add-opens=java.base/java.lang.ref=ALL-UNNAMED, --add-opens=java.base/java.lang.reflect=ALL-UNNAMED, --add-opens=java.base/java.net=ALL-UNNAMED, --add-opens=java.base/java.nio=ALL-UNNAMED, --add-opens=java.base/java.nio.charset=ALL-UNNAMED, --add-opens=java.base/java.text=ALL-UNNAMED, --add-opens=java.base/java.time=ALL-UNNAMED, --add-opens=java.base/java.util=ALL-UNNAMED, --add-opens=java.base/java.util.concurrent=ALL-UNNAMED, --add-opens=java.base/java.util.concurrent.atomic=ALL-UNNAMED, --add-opens=java.base/java.util.concurrent.locks=ALL-UNNAMED, --add-opens=java.base/jdk.internal.ref=ALL-UNNAMED, --add-opens=java.base/jdk.internal.vm=ALL-UNNAMED, --add-opens=java.base/sun.net.dns=ALL-UNNAMED, --add-opens=java.base/sun.nio=ALL-UNNAMED, --add-opens=java.base/sun.nio.ch=ALL-UNNAMED, --add-opens=java.base/sun.nio.fs=ALL-UNNAMED, --add-opens=java.base/sun.security.ssl=ALL-UNNAMED, --add-opens=java.base/sun.security.util=ALL-UNNAMED, --add-opens=java.desktop/com.sun.java.swing=ALL-UNNAMED, --add-opens=java.desktop/com.sun.java.swing.plaf.gtk=ALL-UNNAMED, --add-opens=java.desktop/java.awt=ALL-UNNAMED, --add-opens=java.desktop/java.awt.dnd.peer=ALL-UNNAMED, --add-opens=java.desktop/java.awt.event=ALL-UNNAMED, --add-opens=java.desktop/java.awt.font=ALL-UNNAMED, --add-opens=java.desktop/java.awt.image=ALL-UNNAMED, --add-opens=java.desktop/java.awt.peer=ALL-UNNAMED, --add-opens=java.desktop/javax.swing=ALL-UNNAMED, --add-opens=java.desktop/javax.swing.plaf.basic=ALL-UNNAMED, --add-opens=java.desktop/javax.swing.text=ALL-UNNAMED, --add-opens=java.desktop/javax.swing.text.html=ALL-UNNAMED, --add-opens=java.desktop/javax.swing.text.html.parser=ALL-UNNAMED, --add-opens=java.desktop/sun.awt=ALL-UNNAMED, --add-opens=java.desktop/sun.awt.X11=ALL-UNNAMED, --add-opens=java.desktop/sun.awt.datatransfer=ALL-UNNAMED, --add-opens=java.desktop/sun.awt.image=ALL-UNNAMED, --add-opens=java.desktop/sun.font=ALL-UNNAMED, --add-opens=java.desktop/sun.java2d=ALL-UNNAMED, --add-opens=java.desktop/sun.swing=ALL-UNNAMED, --add-opens=java.desktop/sun.swing.text=ALL-UNNAMED, --add-opens=java.management/sun.management=ALL-UNNAMED, --add-opens=jdk.attach/sun.tools.attach=ALL-UNNAMED, --add-opens=jdk.compiler/com.sun.tools.javac.api=ALL-UNNAMED, --add-opens=jdk.internal.jvmstat/sun.jvmstat.monitor=ALL-UNNAMED, --add-opens=jdk.jdi/com.sun.tools.jdi=ALL-UNNAMED, -Dqodana.application=true, -Dintellij.platform.load.app.info.from.resources=true, -Dfus.internal.reduce.initial.delay=true, -Didea.headless.statistics.max.files.to.send=5000, -Djava.awt.headless=true, -Didea.qodana.thirdpartyplugins.accept=true, -Dide.warmup.use.predicates=false, -Dvcs.log.index.enable=false, -Didea.job.launcher.without.timeout=true, -Dscanning.in.smart.mode=false, -Deap.login.enabled=false, -Dsdk.download.consent=true, -Dide.activity.tracking.enable.debug=true, -Deslint.service.expiration.timeout.ms=5000, -Dphp.additional.library.manager.new.updater=true, -Dide.region.url.mapping.expiration.timeout=7200, -Dexternal.system.auto.import.headless.async=true, -Dmaven.default.headless.import=true, -Dide.do.not.check.ls.on.startup=true, -Dqodana.product.name=Qodana for JVM, -Dqodana.build.number=QDJVM-262.7671, -Dqodana.eap=true, -Dide.native.launcher=true]
2026-06-10 09:23:07,478 [     20]   INFO - #c.i.p.i.b.AppStarter - args: qodana --config-dir /tmp/qd-effective-config-947685292 /data/project /data/results
2026-06-10 09:23:07,479 [     21]   INFO - #c.i.p.i.b.AppStarter - library path: /usr/java/packages/lib:/usr/lib64:/lib64:/lib:/usr/lib
2026-06-10 09:23:07,479 [     21]   INFO - #c.i.p.i.b.AppStarter - boot library path: /opt/idea/jbr/lib
2026-06-10 09:23:07,479 [     21]   INFO - #c.i.p.i.b.AppStarter - locale=en_US JNU=UTF-8 file.encoding=UTF-8
    idea.home.path=/opt/idea
    idea.config.path=/root/.config/idea
    idea.system.path=/data/cache/idea/262
    idea.plugins.path=/data/cache/plugins/262 -> java.nio.file.NoSuchFileException: /data/cache/plugins/262
    idea.log.path=/data/results/log
2026-06-10 09:23:07,479 [     21]   INFO - #c.i.p.i.b.AppStarter - CPU cores: 16; ForkJoinPool.commonPool: java.util.concurrent.ForkJoinPool@4a7387f2[Running, parallelism = 16, size = 0, active = 0, running = 0, steals = 0, tasks = 0, submissions = 0]; factory: com.intellij.concurrency.IdeaForkJoinWorkerThreadFactory@4dbd57c2
2026-06-10 09:23:07,537 [     79]   WARN - #c.i.i.p.PluginManager - Dist index is missing or corrupted; an OLD, DEPRECATED, SOON-TO-BE-REMOVED implementation will be used
2026-06-10 09:23:07,630 [    172]   INFO - #c.i.i.p.PluginManager - Ignoring cached broken plugins file from an earlier IDE build (IU-262.7671)
2026-06-10 09:23:07,637 [    179]   WARN - #c.i.i.p.PluginManager - Environment-configured module is not found: intellij.platform.split
2026-06-10 09:23:07,660 [    202]   INFO - #c.i.i.p.PluginManager - Plugin set resolution:
module intellij.platform.backend.split (namespace=jetbrains) is not resolved
  └ dependent module intellij.platform.identifiers.highlighting.backend, module intellij.platform.smRunner.backend.split, module intellij.java.backend.split excluded
plugin com.intellij.rd.client.capable is not resolved
  └ dependent module intellij.rd.client.base excluded
    └ dependent module intellij.rd.client excluded
module intellij.platform.ui.jcef (namespace=jetbrains) is not resolved
  └ dependent module intellij.platform.trialPromotion.idesWithFreeTier excluded
    └ dependent module intellij.idea.ultimate.customizationTrial excluded
plugin org.jetbrains.idea.gradle.dsl is not resolved
  └ dependent module intellij.gradle.analysis, module intellij.gradle.dependencyUpdater excluded
module intellij.toml.core (namespace=jetbrains) is not resolved
  └ dependent module intellij.gradle.completion.toml excluded
  └ dependent module intellij.gradle.java.toml excluded
    └ dependent module intellij.gradle.java.groovy.toml excluded
plugin com.intellij.completion.ml.ranking is not resolved
  └ dependent module intellij.gradle.java.groovy.ml, module intellij.kotlin.completion.ml excluded
plugin Coverage is not resolved
  └ dependent module intellij.gradle.java.coverage, module intellij.kotlin.coverage, module intellij.qodana.jvm.coverage excluded
module intellij.platform.frontend.split (namespace=jetbrains) is not resolved
  └ dependent module intellij.editorconfig.frontend.split, module intellij.json.frontend.split, module intellij.platform.frontend.split.bookmarks, module intellij.performanceTesting.frontend.split, module intellij.driver.frontend.split excluded
plugin AntSupport is not resolved
  └ dependent module intellij.groovy.ant excluded
plugin ByteCodeViewer is not resolved
  └ dependent module intellij.groovy.byteCodeViewer excluded
module intellij.cwm.frontend (namespace=jetbrains) is not resolved
  └ dependent module intellij.terminal.frontend.split excluded
module intellij.sh.core (namespace=jetbrains) is not resolved
  └ dependent module intellij.terminal.sh excluded
module intellij.platform.execution.frontend.split (namespace=jetbrains) is not resolved
  └ dependent module intellij.platform.smRunner.frontend.split excluded
plugin com.intellij.jetbrains.client is not resolved
  └ dependent module intellij.vcs.git.frontend.split, module intellij.java.frontend.split, module intellij.debugger.logpoints.frontend.split excluded
module intellij.platform.vcs.backend.split (namespace=jetbrains) is not resolved
  └ dependent module intellij.vcs.git.backend.split excluded
plugin com.intellij.modules.nativeDebug is not resolved
  └ dependent module kotlin-ultimate.native-debugger, module kotlin-ultimate.ultimate-native excluded
plugin JavaScript is not resolved
  └ dependent module kotlin-ultimate.javascript.debugger, module intellij.qodana.inspectionKts.js, module intellij.qodana.js excluded
plugin JavaScriptDebugger is not resolved
  └ dependent module kotlin-ultimate.javascript.nodeJs excluded
module intellij.javascript.debugger.backend (namespace=jetbrains) is not resolved
  └ dependent module kotlin-ultimate.wasm.debugger excluded
plugin com.intellij.LineProfiler is not resolved
  └ dependent module kotlin-ultimate.profiler excluded
plugin tanvd.grazi is not resolved
  └ dependent module intellij.kotlin.grazie, module intellij.maven.proofreading excluded
plugin org.toml.lang is not resolved
  └ dependent module intellij.kotlin.gradle.codeInsight.toml excluded
plugin org.jetbrains.java.decompiler is not resolved
  └ dependent module intellij.kotlin.jvm.decompiler excluded
module intellij.yaml (namespace=jetbrains) is not resolved
  └ dependent module intellij.qodana.yaml excluded
plugin org.jetbrains.plugins.go is not resolved
  └ dependent module intellij.qodana.go excluded
plugin org.jetbrains.plugins.clion.radler is not resolved
  └ dependent module intellij.qodana.cpp excluded
module intellij.yaml.backend (namespace=jetbrains) is not resolved
  └ dependent module intellij.qodana.inspectionKts excluded
    └ dependent module intellij.qodana.inspectionKts.kotlin, module intellij.qodana.inspectionKts.java excluded
plugin com.jetbrains.php is not resolved
  └ dependent module intellij.qodana.php, module intellij.php.dev excluded
plugin com.intellij.modules.python is not resolved
  └ dependent module intellij.qodana.python.community, module intellij.qodana.python.coverage excluded
plugin com.intellij.swagger is not resolved
  └ dependent module intellij.qodana.jvm.swagger excluded
plugin com.intellij.modules.rustrover is not resolved
  └ dependent module intellij.qodana.rust excluded
plugin com.intellij.mcpServer is not resolved
  └ dependent module intellij.qodana.inspectionKts.mcp, module intellij.devkit.mcp excluded
plugin com.intellij.modules.idea.community is not resolved
  └ dependent module intellij.java.promo excluded
module intellij.libraries.jcef (namespace=jetbrains) is not resolved
  └ dependent module intellij.performanceTesting.remoteDriver.jcef excluded
module intellij.platform.recentFiles.frontend (namespace=jetbrains) is not resolved
  └ dependent module intellij.performanceTesting.frontend excluded
plugin Error-prone plugin is not resolved
  └ dependent module intellij.maven.errorProne.compiler excluded
plugin com.intellij.smartUpdate is not resolved
  └ dependent module intellij.devkit.smartupdate excluded
2026-06-10 09:23:07,671 [    213]   INFO - #c.i.p.i.b.AppStarter - Loaded bundled plugins: IDEA CORE (262.7671), Eclipse Interoperability (262.7671.0), Gradle for Java (262.7671.0), EditorConfig (262.7671.0), Lombok (262.7671.0), Library Modules: Misc (262.7671.0), Groovy (262.7671.0), Java IDE Customization (262.7671.0), Structural Search (262.7671.0), XPathView + XSLT (262.7671.0), Terminal (262.7671.0), Test Runner (262.7671.0), JUnit (262.7671.0), Properties (262.7671.0), JSON (262.7671.0), Git (262.7671.0), Java Internationalization (262.7671.0), Groovy Scripting (262.7671.0), Kotlin (262.7671.0-IJ), Qodana (262.7671.0), JetBrains Ultimate (262.7671.0), Bookmarks Manager (262.7671.0), Structure View (262.7671.0), Copyright (262.7671.0), Aether Dependency Resolver (262.7671.0), TestNG (262.7671.0), Java (262.7671.0), Artifacts Repository Search (262.7671.0), IDE Features Trainer (262.7671.0), TODO View (262.7671.0), DevKit Runtime (262.7671.0), Configuration Script (262.7671.0), Performance Testing (262.7671.0), Maven (262.7671.0), Gradle (262.7671.0)
2026-06-10 09:23:07,671 [    213]   INFO - #c.i.p.i.b.AppStarter - Loaded custom plugins: Plugin DevKit (262.7671.0), Swing UI Designer (262.7671.0)
2026-06-10 09:23:07,682 [    224]   WARN - #c.i.p.instanceContainer - InstanceNotOverridableException: Incorrect override for com.intellij.openapi.project.impl.ProjectStoreFactory: com.intellij.configurationScript.providers.ConfigurationScriptProjectStoreFactory overrides com.intellij.configurationStore.PlatformLangProjectStoreFactory even though the existing implementation is not overridable (not declared as 'open=true')
2026-06-10 09:23:07,719 [    261]   INFO - #c.i.i.p.DisabledPluginsState - Marking plugins 'enabled': [com.intellij.modules.ultimate] (was already enabled, nothing changed)
2026-06-10 09:23:07,723 [    265]   INFO - #o.j.q.s.i.s.QodanaApplicationStarter - Command line arguments: [qodana, --config-dir, /tmp/qd-effective-config-947685292, /data/project, /data/results]
2026-06-10 09:23:07,732 [    274]   INFO - #c.i.u.i.PageCacheUtils - File page caching params:
	DEFAULT_PAGE_SIZE: 10485760
	Direct memory to use, max: 7272923136
	FilePageCache: regular
	Regular FilePageCache: 629145600 bytes
	DirectByteBuffers pool: 104857600 bytes
2026-06-10 09:23:07,734 [    276]   INFO - #c.i.p.e.n.i.EelMultiRoutingFileSystemBackendInitializationService - Eel MultiRoutingFileSystem backend is initialized
2026-06-10 09:23:07,738 [    280]   INFO - #c.i.u.s.JBUIScale - System scale factor: 1.0 (IDE-managed HiDPI)
2026-06-10 09:23:07,741 [    283]   INFO - #c.i.l.LocalizationStateServiceImpl - [i18n] Localization property from registry is null
2026-06-10 09:23:07,744 [    286]   INFO - #c.i.o.v.n.i.VfsData - Use SoftReference in VFS cache: true
2026-06-10 09:23:07,760 [    302]   INFO - #c.i.o.v.n.p.PersistentFSLoader - VFS uses names enumerator over mmapped file
2026-06-10 09:23:07,760 [    302]   INFO - #c.i.o.v.n.p.PersistentFSLoader - VFS uses streamlined attributes storage (over mmapped file)
2026-06-10 09:23:07,761 [    303]   INFO - #c.i.o.v.n.p.PersistentFSLoader - VFS uses OverMMappedFile(pageSize=67108864, acquireStorageOwnership=true) storage for main file records table
2026-06-10 09:23:07,761 [    303]   INFO - #c.i.o.v.n.p.PersistentFSLoader - VFS uses content storage over memory-mapped file, with compression algo: LZ4[ > 8000b ]
2026-06-10 09:23:07,767 [    309]   INFO - #c.i.a.o.PathMacrosImpl - Loaded path macros: {MAVEN_REPOSITORY=/data/cache/.m2}
2026-06-10 09:23:07,803 [    345]   INFO - c.i.p.i.IdeFingerprint - Calculated dependencies fingerprint in 89 ms (hash=2ews5ab8bydse, buildTime=1781083387, appVersion=QDJVM-262.7671)
2026-06-10 09:23:07,809 [    351]   INFO - #c.i.o.u.LowMemoryWatcherManager - Use ExponentiallySmoothingTracker(90000 ms)
2026-06-10 09:23:07,810 [    352]   INFO - #c.i.o.u.LowMemoryWatcherManager - Subscribing to MemoryPool[G1 Old Gen]{max: 7293894656, threshold: 6929199616 (0.95 * max)}
2026-06-10 09:23:07,810 [    352]   INFO - #c.i.o.u.LowMemoryWatcherManager - Schedule GC-time updating: each 15000ms
2026-06-10 09:23:07,815 [    357]   INFO - #c.i.p.k.b.BackendKernelServiceKt - Backend started Kernel
2026-06-10 09:23:07,818 [    360]   INFO - #c.i.i.p.ExpiredPluginsState - Marking plugins 'skipped': []
2026-06-10 09:23:07,823 [    365]   INFO - #c.i.i.s.StatisticsRegionSettingsServiceImpl - Statistics. Region code is not_set
2026-06-10 09:23:07,829 [    371]   INFO - #c.i.o.v.n.p.PersistentFSLoader - VFS: impl (expected) version=65, 0 file records, 0 content blobs
2026-06-10 09:23:07,832 [    374]   INFO - #c.i.o.v.n.p.FSRecords - VFS health-check enabled: first after 600000 ms, and each following 43200000 ms, wrap in RA: true
2026-06-10 09:23:07,835 [    377]   INFO - #c.i.o.v.n.p.FSRecordsImpl - VFS initialized: 74 ms, 0 failed attempts, 0 error(s) were recovered
2026-06-10 09:23:07,837 [    379]   INFO - #c.i.o.v.n.p.FSRecordsImpl - VFS scanned: file-by-name index was populated
2026-06-10 09:23:07,838 [    380]   INFO - #c.i.p.trialPromotion - IDE is not managed
2026-06-10 09:23:07,844 [    386]   INFO - #c.i.s.c.m.SettingsRepositoryToSettingsSyncMigration - No data from settingsRepository in 'settingsRepository' folder => no migration needed
2026-06-10 09:23:07,844 [    386]   INFO - #c.i.o.v.n.p.PersistentFSImpl - VFS.MAX_FILE_LENGTH_TO_CACHE: 1048576
2026-06-10 09:23:07,888 [    430]   INFO - #fleet.kernel.Transactor - Duration: 69.295500ms, change from: fleet.tracing.runtime.Span$Noop@354722bb
2026-06-10 09:23:07,929 [    471]   INFO - #o.j.i.BuiltInServerManager - built-in server started, port 63342
2026-06-10 09:23:07,938 [    480]   INFO - #c.i.u.n.s.CertificateManager - Default SSL context initialized
2026-06-10 09:23:07,942 [    484]   INFO - #c.i.u.i.c.d.IndexWriter - Use com.intellij.util.indexing.contentQueue.dev.MultiThreadedWithSuspendIndexWriter@5b78bafc as (parallel) index writer implementation
2026-06-10 09:23:07,942 [    484]   INFO - #c.i.o.v.i.l.NativeFileWatcherImpl - Native file watcher is disabled
2026-06-10 09:23:07,943 [    485]   INFO - #c.i.u.i.i.SlruIndexStorageCacheProvider - SLRU cache will be used for indexes
2026-06-10 09:23:07,943 [    485]   INFO - #c.i.u.i.i.MapIndexStorageCacheProvider$Companion - Default index storage cache provider [com.intellij.util.indexing.impl.SlruIndexStorageCacheProvider@76dd33cc] is used
2026-06-10 09:23:07,944 [    486]   INFO - #c.i.u.i.FileBasedIndexImpl - Loading indexes
2026-06-10 09:23:07,961 [    503]   INFO - #c.i.f.n.TrigramIndexFilter - Filter exclude extensions is enabled: CustomizableExcludeExtensions([com.intellij.java.JavaLibrarySourcesExcludingIndexFilterExtension@3880cd26])
2026-06-10 09:23:07,963 [    505]   INFO - #c.i.u.i.i.s.PersistentWriteAheadLogFactory - Opening persistent Write-Ahead Log over mmapped file (/data/cache/idea/262/index/write-ahead-log.{wal,paths})
2026-06-10 09:23:07,995 [    537]   INFO - #c.i.p.u.i.s.c.WriteAheadLogOverCircularBuffer - No unprocessed records left => old pathsEnumerator is useless => drop it
2026-06-10 09:23:08,096 [    638]   INFO - #c.i.u.i.FileBasedIndexImpl - Indices to be built:RelaxSymbolIndex(v = 0),json.file.root.values(v = 5),TodoIndex(v = 13),SchemaTypeInheritance(v = 2),XmlTagNames(v = 1),FilenameIndex(v = 258),PluginIdDependenciesIndex(v = 17),org.jetbrains.kotlin.idea.versions.KotlinJvmMetadataVersionIndex(v = 5),devkit.ExtensionPointClassIndex(v = 12),org.jetbrains.kotlin.idea.vfilefinder.KotlinPartialPackageNamesIndex(v = 5),fileIncludes(v = 6),PluginIdModuleIndex(v = 13),java.source.module.name(v = 5),Trigram.Index(v = 4),org.jetbrains.kotlin.idea.vfilefinder.KotlinJvmModuleAnnotationsIndex(v = 1),org.jetbrains.kotlin.idea.versions.KotlinJsMetadataVersionIndex(v = 3),html5.custom.attributes.index(v = 1),org.jetbrains.kotlin.idea.vfilefinder.KotlinModuleMappingIndex(v = 5),XsltSymbolIndex(v = 0),KotlinTopLevelCallableByPackageShortNameIndex(v = 3),IdeaPluginRegistrationIndex(v = 20),editorconfig.index.name(v = 5),org.jetbrains.kotlin.idea.vfilefinder.KlibMetaFileIndex(v = 4),org.jetbrains.kotlin.idea.vfilefinder.KotlinJavaScriptMetaFileIndex(v = 4),java.fun.expression(v = 6),IdIndex(v = 22),com.intellij.uiDesigner.FormClassIndex(v = 0),KotlinTopLevelClassLikeDeclarationByPackageShortNameIndex(v = 3),org.jetbrains.kotlin.idea.vfilefinder.KotlinClassFileIndex(v = 3),org.jetbrains.kotlin.idea.vfilefinder.KotlinBuiltInsMetadataIndex(v = 4),Stubs(v = 46),HashFragmentIndex(v = 19111503),org.jetbrains.kotlin.idea.vfilefinder.KotlinMetadataFilePackageIndex(v = 2),java.binary.plus.expression(v = 4),KotlinBinaryRootToPackageIndex(v = 7),org.jetbrains.kotlin.idea.vfilefinder.KotlinMetadataFileIndex(v = 2),KotlinPackageSourcesMemberNamesIndex(v = 2),java.auto.module.name(v = 7),xmlProperties(v = 2),org.jetbrains.kotlin.idea.vfilefinder.KotlinStdlibIndex(v = 2),XmlNamespaces(v = 8),DomFileIndex(v = 0),LombokConfigIndex(v = 15),java.external.annotations(v = 1),FrameworkDetectionIndex(v = 65536),java.null.method.argument(v = 1),filetypes(v = 4096),bytecodeAnalysis(v = 11),devkit.ExtensionPointIndex(v = 12)
2026-06-10 09:23:08,096 [    638]   INFO - #c.i.u.i.FileBasedIndexImpl - Using simple flusher for indexes
2026-06-10 09:23:08,098 [    640]   INFO - #c.i.u.i.IndexDataInitializer - Index data initialization done: 151 ms. Initialized indexes: [FilenameIndex, filetypes, java.binary.plus.expression, bytecodeAnalysis, java.auto.module.name, java.source.module.name, java.external.annotations, XsltSymbolIndex, XmlTagNames, java.null.method.argument, Trigram.Index, java.fun.expression, TodoIndex, XmlNamespaces, DomFileIndex, RelaxSymbolIndex, xmlProperties, SchemaTypeInheritance, IdeaPluginRegistrationIndex, html5.custom.attributes.index, PluginIdModuleIndex, PluginIdDependenciesIndex, json.file.root.values, devkit.ExtensionPointClassIndex, devkit.ExtensionPointIndex, org.jetbrains.kotlin.idea.vfilefinder.KotlinJavaScriptMetaFileIndex, org.jetbrains.kotlin.idea.versions.KotlinJvmMetadataVersionIndex, editorconfig.index.name, org.jetbrains.kotlin.idea.vfilefinder.KotlinModuleMappingIndex, org.jetbrains.kotlin.idea.vfilefinder.KotlinMetadataFileIndex, org.jetbrains.kotlin.idea.vfilefinder.KotlinClassFileIndex, org.jetbrains.kotlin.idea.vfilefinder.KotlinMetadataFilePackageIndex, org.jetbrains.kotlin.idea.versions.KotlinJsMetadataVersionIndex, KotlinPackageSourcesMemberNamesIndex, org.jetbrains.kotlin.idea.vfilefinder.KotlinPartialPackageNamesIndex, fileIncludes, IdIndex, FrameworkDetectionIndex, HashFragmentIndex, org.jetbrains.kotlin.idea.vfilefinder.KotlinJvmModuleAnnotationsIndex, org.jetbrains.kotlin.idea.vfilefinder.KlibMetaFileIndex, com.intellij.uiDesigner.FormClassIndex, org.jetbrains.kotlin.idea.vfilefinder.KotlinBuiltInsMetadataIndex, KotlinTopLevelCallableByPackageShortNameIndex, KotlinBinaryRootToPackageIndex, LombokConfigIndex, org.jetbrains.kotlin.idea.vfilefinder.KotlinStdlibIndex, KotlinTopLevelClassLikeDeclarationByPackageShortNameIndex, Stubs].
2026-06-10 09:23:08,158 [    700]   INFO - #c.i.p.s.StubIndexImpl - Following stub indices will be built:org.jetbrains.kotlin.idea.stubindex.KotlinTopLevelTypeAliasFqNameIndex(v = 2),KotlinOverridableInternalMembersShortNameIndex(v = 2),gr.class.fqn.s(v = 5),org.jetbrains.kotlin.idea.stubindex.KotlinFileFacadeFqNameIndex(v = 2),org.jetbrains.kotlin.idea.stubindex.KotlinFullClassNameIndex(v = 3),org.jetbrains.kotlin.idea.stubindex.KotlinTopLevelFunctionFqnNameIndex(v = 3),java.class.extlist(v = 3),java.class.shortname(v = 4),KotlinTopLevelExpectFunctionFqNameIndex(v = 2),org.jetbrains.kotlin.idea.stubindex.KotlinSuperClassIndex(v = 2),org.jetbrains.kotlin.idea.stubindex.KotlinFilePartClassIndex(v = 2),jvm.static.member.name(v = 2),gr.annot.members(v = 5),gr.field.name(v = 5),gr.method.name(v = 5),org.jetbrains.kotlin.idea.stubindex.KotlinExactPackagesIndex(v = 2),KotlinTopLevelFunctionByPackageIndex(v = 2),org.jetbrains.kotlin.idea.stubindex.KotlinTypeAliasShortNameIndex(v = 2),org.jetbrains.kotlin.idea.stubindex.KotlinSubclassObjectNameIndex(v = 3),gr.script.class(v = 5),KotlinProbablyInjectedFunctionShortNameIndex(v = 2),java.anonymous.baseref(v = 2),java.method.name(v = 2),gr.anonymous.class(v = 6),KotlinTopLevelTypeAliasByPackageIndex(v = 2),org.jetbrains.kotlin.idea.stubindex.KotlinFunctionShortNameIndex(v = 3),org.jetbrains.kotlin.idea.stubindex.KotlinMultifileClassPartIndex(v = 2),gr.script.fqn.s(v = 5),gr.class.super(v = 5),org.jetbrains.kotlin.idea.stubindex.KotlinClassShortNameIndex(v = 3),org.jetbrains.kotlin.idea.stubindex.KotlinInnerTypeAliasClassIdIndex(v = 2),org.jetbrains.kotlin.idea.stubindex.KotlinTopLevelPropertyFqnNameIndex(v = 3),KotlinFileFacadeClassByPackageIndex(v = 2),KotlinExtensionsInObjectsByReceiverTypeIndex(v = 2),dom.elementClass(v = 0),java.unnamed.class(v = 2),KotlinTopLevelPropertyByPackageIndex(v = 2),jvm.static.member.type(v = 2),java.module.name(v = 4),java.method.parameter.types(v = 3),KotlinTopLevelExtensionsByReceiverTypeIndex(v = 4),java.field.name(v = 2),org.jetbrains.kotlin.idea.stubindex.KotlinScriptFqnIndex(v = 2),java.record.component.name(v = 2),KotlinProbablyNothingFunctionShortNameIndex(v = 2),dom.namespaceKey(v = 1),org.jetbrains.kotlin.idea.stubindex.KotlinPropertyShortNameIndex(v = 2),java.class.fqn(v = 1),org.jetbrains.kotlin.idea.stubindex.KotlinFileFacadeShortNameIndex(v = 3),KotlinTypeAliasByExpansionShortNameIndex(v = 2),gr.annot.method.name(v = 5),properties.index(v = 2),org.jetbrains.kotlin.idea.stubindex.KotlinJvmNameAnnotationIndex(v = 2),KotlinProbablyNothingPropertyShortNameIndex(v = 2),org.jetbrains.kotlin.idea.stubindex.KotlinAnnotationsIndex(v = 3),org.jetbrains.kotlin.idea.stubindex.KotlinTopLevelClassByPackageIndex(v = 2),KotlinProbablyContractedFunctionShortNameIndex(v = 2),kotlin.primeIndexKey(v = 2),java.annotations(v = 2),KotlinTopLevelExpectPropertyFqNameIndex(v = 2)
2026-06-10 09:23:08,158 [    700]   INFO - #c.i.u.i.IndexDataInitializer - Index data initialization done: 60 ms. Initialized stub indexes: {org.jetbrains.kotlin.idea.stubindex.KotlinScriptFqnIndex, gr.annot.members, java.method.parameter.types, gr.anonymous.class, jvm.static.member.name, KotlinProbablyNothingFunctionShortNameIndex, org.jetbrains.kotlin.idea.stubindex.KotlinTopLevelPropertyFqnNameIndex, org.jetbrains.kotlin.idea.stubindex.KotlinFullClassNameIndex, KotlinTopLevelPropertyByPackageIndex, gr.script.class, org.jetbrains.kotlin.idea.stubindex.KotlinSuperClassIndex, org.jetbrains.kotlin.idea.stubindex.KotlinTypeAliasShortNameIndex, java.field.name, org.jetbrains.kotlin.idea.stubindex.KotlinPropertyShortNameIndex, org.jetbrains.kotlin.idea.stubindex.KotlinAnnotationsIndex, kotlin.primeIndexKey, org.jetbrains.kotlin.idea.stubindex.KotlinJvmNameAnnotationIndex, KotlinTypeAliasByExpansionShortNameIndex, java.annotations, gr.class.super, org.jetbrains.kotlin.idea.stubindex.KotlinTopLevelFunctionFqnNameIndex, org.jetbrains.kotlin.idea.stubindex.KotlinTopLevelTypeAliasFqNameIndex, org.jetbrains.kotlin.idea.stubindex.KotlinFileFacadeFqNameIndex, java.class.extlist, KotlinExtensionsInObjectsByReceiverTypeIndex, java.class.fqn, org.jetbrains.kotlin.idea.stubindex.KotlinTopLevelClassByPackageIndex, org.jetbrains.kotlin.idea.stubindex.KotlinClassShortNameIndex, org.jetbrains.kotlin.idea.stubindex.KotlinFilePartClassIndex, gr.annot.method.name, KotlinProbablyContractedFunctionShortNameIndex, gr.field.name, jvm.static.member.type, KotlinTopLevelTypeAliasByPackageIndex, dom.namespaceKey, org.jetbrains.kotlin.idea.stubindex.KotlinExactPackagesIndex, KotlinTopLevelExpectPropertyFqNameIndex, org.jetbrains.kotlin.idea.stubindex.KotlinFunctionShortNameIndex, gr.method.name, org.jetbrains.kotlin.idea.stubindex.KotlinMultifileClassPartIndex, java.unnamed.class, gr.script.fqn.s, KotlinOverridableInternalMembersShortNameIndex, dom.elementClass, KotlinTopLevelFunctionByPackageIndex, org.jetbrains.kotlin.idea.stubindex.KotlinInnerTypeAliasClassIdIndex, KotlinTopLevelExpectFunctionFqNameIndex, org.jetbrains.kotlin.idea.stubindex.KotlinSubclassObjectNameIndex, properties.index, java.record.component.name, KotlinTopLevelExtensionsByReceiverTypeIndex, org.jetbrains.kotlin.idea.stubindex.KotlinFileFacadeShortNameIndex, KotlinProbablyNothingPropertyShortNameIndex, java.method.name, gr.class.fqn.s, java.anonymous.baseref, KotlinFileFacadeClassByPackageIndex, KotlinProbablyInjectedFunctionShortNameIndex, java.module.name, java.class.shortname}.
2026-06-10 09:23:08,183 [    725]   INFO - o.j.q.s.i.r.cloud - QODANA_TOKEN environment variable is not defined
2026-06-10 09:23:08,189 [    731]   INFO - STDOUT - By using this linter, you agree to
2026-06-10 09:23:08,189 [    731]   INFO - STDOUT - - JetBrains Privacy Policy (https://jb.gg/jetbrains-privacy-policy)
2026-06-10 09:23:08,189 [    731]   INFO - STDOUT - - JETBRAINS EAP USER AGREEMENT (https://jb.gg/jetbrains-user-eap)
2026-06-10 09:23:08,189 [    731]   INFO - STDOUT - 
2026-06-10 09:23:08,190 [    732]   INFO - STDOUT - The linter includes an evaluation license.
2026-06-10 09:23:08,190 [    732]   INFO - STDOUT - The license will expire on August 9, 2026.
2026-06-10 09:23:08,190 [    732]   INFO - STDOUT - Please ensure you pull a new image on time.
2026-06-10 09:23:08,190 [    732]   INFO - STDOUT - Qodana license plan: Ultimate Plus
2026-06-10 09:23:08,194 [    736]   WARN - org.jline - Unable to create a system terminal, creating a dumb terminal (enable debug logging for more information)
2026-06-10 09:23:08,204 [    746]   WARN - org.jline - Unable to create a system terminal, creating a dumb terminal (enable debug logging for more information)
2026-06-10 09:23:08,208 [    750]   INFO - STDOUT -                                         
2026-06-10 09:23:08,208 [    750]   INFO - STDOUT -           _              _       
2026-06-10 09:23:08,209 [    751]   INFO - STDOUT -          /\ \           /\ \        Qodana for JVM 2026.2 EAP
2026-06-10 09:23:08,209 [    751]   INFO - STDOUT -         /  \ \         /  \ \       Documentation
2026-06-10 09:23:08,209 [    751]   INFO - STDOUT -        / /\ \ \       / /\ \ \      https://jb.gg/qodana-docs
2026-06-10 09:23:08,209 [    751]   INFO - STDOUT -       / / /\ \ \     / / /\ \ \     Contact us at
2026-06-10 09:23:08,209 [    751]   INFO - STDOUT -      / / /  \ \_\   / / /  \ \_\    qodana-support@jetbrains.com
2026-06-10 09:23:08,209 [    751]   INFO - STDOUT -     / / / _ / / /  / / /   / / /    Or via our issue tracker
2026-06-10 09:23:08,209 [    751]   INFO - STDOUT -    / / / /\ \/ /  / / /   / / /     https://jb.gg/qodana-issue
2026-06-10 09:23:08,209 [    751]   INFO - STDOUT -   / / /__\ \ \/  / / /___/ / /      Or share your feedback at our forum
2026-06-10 09:23:08,209 [    751]   INFO - STDOUT -  / / /____\ \ \ / / /____\/ /       https://jb.gg/qodana-forum
2026-06-10 09:23:08,209 [    751]   INFO - STDOUT -  \/________\_\/ \/_________/     
2026-06-10 09:23:08,209 [    751]   INFO - STDOUT -                                                    
2026-06-10 09:23:08,209 [    751]   INFO - STDOUT -                                         
2026-06-10 09:23:08,209 [    751]   INFO - STDOUT - Starting up Qodana for JVM 2026.2 EAP (build QDJVM-262.7671)…done.
2026-06-10 09:23:12,843 [   5385]   INFO - #c.i.i.s.e.StatisticsEventLoggerProvider - Initialize event logger provider for 'FUS'
2026-06-10 09:23:12,846 [   5388]   INFO - #c.i.i.s.e.StatisticsEventLoggerProvider - Initialize event logger provider for 'MP'
2026-06-10 09:23:12,846 [   5388]   INFO - #c.i.i.s.e.StatisticsEventLoggerProvider - Initialize event logger provider for 'TRACE'
2026-06-10 09:23:12,847 [   5389]   INFO - #c.i.i.s.e.StatisticsEventLoggerProvider - Initialize event logger provider for 'ML'
2026-06-10 09:23:13,127 [   5669]   INFO - #c.i.i.s.DeviceIdManager - Generating new Device ID for 'MP'
2026-06-10 09:23:13,127 [   5669]   INFO - #c.i.i.s.e.EventLogConfiguration - Generating new salt for MP
2026-06-10 09:23:21,759 [  14301]   INFO - #o.j.q.s.w.QodanaWorkflowExtension - Running beforeProjectOpened Qodana workflow layer: QodanaResolveProjectJdkFromQodanaConfig
2026-06-10 09:23:21,761 [  14303]   INFO - #o.j.q.s.i.r.ConsoleLog - Preparing for the Project opening stage ...
2026-06-10 09:23:21,761 [  14303]   INFO - STDOUT - Opening project…Preparing for the Project opening stage ...
2026-06-10 09:23:21,773 [  14315]   INFO - #c.i.i.i.ProjectUtil - Opening existing project with .idea at /data/project
2026-06-10 09:23:21,791 [  14333]   INFO - #c.i.p.p.ProjectEntitiesStorage - Creating entity for project ProjectId#j530hhls9saotr159ibn
2026-06-10 09:23:21,798 [  14340]   INFO - #c.i.p.p.ProjectEntitiesStorage - Entity for project ProjectId#j530hhls9saotr159ibn created successfully
2026-06-10 09:23:21,805 [  14347]   INFO - #c.i.c.ComponentStoreImpl - Project store initialization started for path: /data/project and template: null
2026-06-10 09:23:21,818 [  14360]   INFO - #c.i.c.ComponentStoreImpl - Project store initialized with paths: [Macro(key=$PROJECT_CONFIG_DIR$, value=/data/project/.idea), Macro(key=$WORKSPACE_FILE$, value=/data/project/.idea/workspace.xml), Macro(key=$PROJECT_FILE$, value=/data/project/.idea/misc.xml), Macro(key=$CACHE_FILE$, value=/data/cache/idea/262/projects/project.15375f63/cache-state.xml), Macro(key=$PRODUCT_WORKSPACE_FILE$, value=/root/.config/idea/workspace/2vtp4k9uyoLPyb1TbWUKb7FbSyO.xml)]
2026-06-10 09:23:21,845 [  14387]   INFO - #c.i.w.i.i.j.s.JpsGlobalModelSynchronizerImpl - Loading global entities com.intellij.platform.workspace.jps.entities.SdkEntity from files
2026-06-10 09:23:21,845 [  14387]   INFO - #c.i.w.i.i.j.s.JpsGlobalModelSynchronizerImpl - Loading global entities com.intellij.platform.workspace.jps.entities.LibraryEntity from files
2026-06-10 09:23:21,850 [  14392]   INFO - #c.i.w.i.i.GlobalWorkspaceModel - Project project is added to the list of initializing and open projects
2026-06-10 09:23:21,850 [  14392]   INFO - #c.i.w.i.i.l.m.ModuleBridgeLoaderService - Workspace model loaded without cache. Loading real project state into workspace model. Thread[#23,DefaultDispatcher-worker-1,5,main]
2026-06-10 09:23:21,876 [  14418]   INFO - #c.i.w.i.i.EntitiesOrphanageImpl - Update orphanage. 0 modules added
2026-06-10 09:23:21,878 [  14420]   INFO - #c.i.w.i.i.WorkspaceModelImpl - Project model for project project (locationHash=15375f63) updated to version 1 in 21 ms: Change entity sources to externally imported
2026-06-10 09:23:21,893 [  14435]   INFO - #c.i.w.i.i.GlobalWorkspaceModel - Sync global entities with mutable entity storage
2026-06-10 09:23:21,901 [  14443]   INFO - #c.i.w.i.i.l.l.ProjectLibraryTableBridgeImpl - Initial load of project-level (project=project) libraries. There are 0 libraries to load.
2026-06-10 09:23:21,901 [  14443]   INFO - #c.i.w.i.i.j.s.JpsProjectModelSynchronizer - Attempt 1: Apply JPS storage (iml files)
2026-06-10 09:23:21,911 [  14453]   INFO - #c.i.c.m.CodeInsightContextEnabling - multiverse is enabled
2026-06-10 09:23:21,933 [  14475]   INFO - #c.i.u.i.UnindexedFilesScanner - First scanning is not yet requested (project=project), current scanning request will be ignored and full scanning on startup will be performed instead.
2026-06-10 09:23:21,934 [  14476]   INFO - #c.i.w.i.i.EntitiesOrphanageImpl - Update orphanage. 0 modules added
2026-06-10 09:23:21,945 [  14487]   INFO - #c.i.w.i.i.WorkspaceModelImpl - Project model for project project (locationHash=15375f63) updated to version 2
2026-06-10 09:23:21,945 [  14487]   INFO - #c.i.w.i.i.j.s.JpsProjectModelSynchronizer - Attempt 1: Changes were successfully applied
2026-06-10 09:23:21,966 [  14508]   INFO - #c.i.p.c.ProjectCodeStyleSettingsManager - Initialized from default code style settings.
2026-06-10 09:23:21,967 [  14509]   INFO - #o.j.q.s.i.r.ConsoleLog - Project JDK 'openjdk-26' specified in misc.xml not found in table, attempting to resolve...
2026-06-10 09:23:21,967 [  14509]   INFO - STDOUT - Project JDK 'openjdk-26' specified in misc.xml not found in table, attempting to resolve...
2026-06-10 09:23:21,978 [  14520]   INFO - #c.i.o.p.i.j.JdkAuto - Looking for a local SDK for JDK with name openjdk-26
2026-06-10 09:23:21,993 [  14535]   INFO - #c.i.o.p.i.j.JdkAuto - The following local JDKs were found: [/opt/idea/jbr, 25.0.3, 25]
2026-06-10 09:23:21,993 [  14535]   INFO - #c.i.o.p.i.j.JdkAuto - Looking for a possible download for JDK with name openjdk-26 ; JdkRequirement:{ JdkRequirement { openjdk && it >= 26 && same major version }, homePredicate: org.jetbrains.qodana.jvm.java.QodanaJdkLookupKt$$Lambda/0x000003f8016a4000@3a4161e6}
2026-06-10 09:23:32,338 [  24880]   INFO - #c.i.u.i.UnindexedFilesScanner - First scanning is not yet requested (project=project), current scanning request will be ignored and full scanning on startup will be performed instead.
2026-06-10 09:23:32,339 [  24881]   INFO - #c.i.w.i.i.EntitiesOrphanageImpl - Update orphanage. 0 modules added
2026-06-10 09:23:32,339 [  24881]   INFO - #c.i.w.i.i.WorkspaceModelImpl - Project model for project project (locationHash=15375f63) updated to version 3 in 6 ms: Sync global entities with project: project
2026-06-10 09:23:32,339 [  24881]   INFO - #c.i.w.i.i.GlobalWorkspaceModel - During global workspace model update the changes were also applied to project: project
2026-06-10 09:23:32,340 [  24882]   INFO - #c.i.w.i.i.GlobalWorkspaceModel - Global model updated to version 2 in 11 ms: Adding SDK: openjdk-26 JavaSDK
2026-06-10 09:23:32,340 [  24882]   INFO - #o.j.q.s.i.r.ConsoleLog - JDK 'openjdk-26' resolution complete
2026-06-10 09:23:32,340 [  24882]   INFO - STDOUT - JDK 'openjdk-26' resolution complete
2026-06-10 09:23:32,356 [  24898]   INFO - #c.i.u.i.UnindexedFilesScanner - First scanning is not yet requested (project=project), current scanning request will be ignored and full scanning on startup will be performed instead.
2026-06-10 09:23:32,356 [  24898]   INFO - #c.i.w.i.i.EntitiesOrphanageImpl - Update orphanage. 0 modules added
2026-06-10 09:23:32,357 [  24899]   INFO - #c.i.w.i.i.WorkspaceModelImpl - Project model for project project (locationHash=15375f63) updated to version 4 in 5 ms: Module model commit
2026-06-10 09:23:32,384 [  24926]   INFO - #c.i.u.i.UnindexedFilesScanner - First scanning is not yet requested (project=project), current scanning request will be ignored and full scanning on startup will be performed instead.
2026-06-10 09:23:32,385 [  24927]   INFO - #c.i.u.i.UnindexedFilesScanner - First scanning is not yet requested (project=project), current scanning request will be ignored and full scanning on startup will be performed instead.
2026-06-10 09:23:32,385 [  24927]   INFO - #c.i.w.i.i.EntitiesOrphanageImpl - Update orphanage. 0 modules added
2026-06-10 09:23:32,386 [  24928]   INFO - #c.i.o.a.i.NonBlockingReadActionImpl - OTel monitoring for NonBlockingReadAction is enabled
2026-06-10 09:23:32,390 [  24932]   INFO - #c.i.w.i.i.WorkspaceModelImpl - Project model for project project (locationHash=15375f63) updated to version 5 in 15 ms: Root model commit
2026-06-10 09:23:32,394 [  24936]   INFO - #c.i.w.i.i.WorkspaceModelImpl - Workspace model update attempt 1/3, updater took 2 ms: Add project root /data/project to project project  (project=project, locationHash=15375f63)
2026-06-10 09:23:32,404 [  24946]   INFO - #c.i.u.i.UnindexedFilesScanner - First scanning is not yet requested (project=project), current scanning request will be ignored and full scanning on startup will be performed instead.
2026-06-10 09:23:32,404 [  24946]   INFO - #c.i.w.i.i.EntitiesOrphanageImpl - Update orphanage. 0 modules added
2026-06-10 09:23:32,405 [  24947]   INFO - #c.i.w.i.i.WorkspaceModelImpl - Project model for project project (locationHash=15375f63) updated to version 6: Add project root /data/project to project project
2026-06-10 09:23:32,406 [  24948]   INFO - #c.i.w.i.i.WorkspaceModelImpl - Workspace model updated in 14 ms: Add project root /data/project to project project (project=project, locationHash=15375f63)
2026-06-10 09:23:32,406 [  24948]   INFO - #c.i.o.p.i.ProjectManagerImpl - Project project was added to the list of open projects
2026-06-10 09:23:32,411 [  24953]   WARN - #training.lang.LangManager - No default language for Qodana for JVM. Selected JAVA.
2026-06-10 09:23:32,412 [  24954]   INFO - PerformancePlugin - Performance Plugin is in silent mode
2026-06-10 09:23:32,418 [  24960]   INFO - #c.i.u.s.JBUIScale - Computed user scale factor: 1.0 (IDE-managed HiDPI)
2026-06-10 09:23:32,426 [  24968]   INFO - #c.i.o.p.MergingQueueGuiExecutor - Running task: (dumb mode task) com.intellij.openapi.project.InitialDumbTaskRequiredForSmartMode@1ccfb95a
2026-06-10 09:23:32,427 [  24969]   INFO - #c.i.o.p.DumbServiceMergingTaskQueue - Initializing DumbServiceMergingTaskQueue...
2026-06-10 09:23:32,430 [  24972]   INFO - #c.i.o.p.InitialDumbTaskRequiredForSmartMode - Running task required for smart mode: com.intellij.util.indexing.ProjectFileBasedIndexStartupActivity@291cd7d7
2026-06-10 09:23:32,430 [  24972]   INFO - STDOUT - 'dumb-mode' is in progress...
2026-06-10 09:23:32,431 [  24973]   INFO - #c.i.u.i.FileBasedIndexImpl - Indexes are already loaded
2026-06-10 09:23:32,435 [  24977]   INFO - #c.i.u.i.p.IncrementalProjectIndexableFilesFilterHolder - PersistentProjectIndexableFilesFilterFactory is chosen as indexable files filter factory for project: project
2026-06-10 09:23:32,439 [  24981]   INFO - #c.i.u.i.FileBasedIndexImpl - Indexes are already loaded
2026-06-10 09:23:32,456 [  24998]   INFO - #c.i.o.e.s.p.m.ExternalProjectsDataStorage - Load external projects data in 3 millis (read time: 1)
2026-06-10 09:23:32,470 [  25012]   INFO - #c.i.o.v.i.p.NewMappings - VCS Root: [Git] - [<Project>]
2026-06-10 09:23:32,475 [  25017]   INFO - #c.i.u.i.d.AppIndexingDependenciesService - Invalidating all indexing flags. Reason: App fingerprint changed: FingerprintImpl(fingerprint=0) to FingerprintImpl(fingerprint=-7007421880766253746)
2026-06-10 09:23:32,483 [  25025]   INFO - #c.i.i.s.IdeStartupScripts - 0 startup script(s) found
2026-06-10 09:23:32,486 [  25028]   INFO - #c.i.d.PerformanceWatcherImpl - Post-startup activities under progress took 65ms; general responsiveness: ok; EDT responsiveness: ok
2026-06-10 09:23:32,487 [  25029]   INFO - #c.i.w.i.i.EntitiesOrphanageImpl - Update orphanage. 0 modules added
2026-06-10 09:23:32,488 [  25030]   INFO - #c.i.w.i.i.WorkspaceModelImpl - Project model for project project (locationHash=15375f63) updated to version 7 in 38 ms: ConstantEntitiesCheckActivity
2026-06-10 09:23:32,489 [  25031]   INFO - #c.i.o.p.UnindexedFilesScannerExecutor - [15375f63] Running task: com.intellij.util.indexing.UnindexedFilesScannerExecutorImpl$ScheduledScanningTask@2f87ff61
2026-06-10 09:23:32,490 [  25032]   INFO - #c.i.o.p.UnindexedFilesScannerExecutor - [15375f63] Skipping task: com.intellij.util.indexing.UnindexedFilesScannerExecutorImpl$ScheduledScanningTask@2f87ff61
2026-06-10 09:23:32,494 [  25036]   INFO - #c.i.u.i.UnindexedFilesScanner - Full scanning on startup will NOT be skipped for project [project] because of following unsatisfied conditions:
FILTER_IS_NOT_UP_TO_DATE: Persistent indexable files filter is NOT up-to-date because of following unsatisfied conditions: [IS_FILTER_LOADED_FROM_DISK, FILTER_IS_NOT_INVALIDATED, INDEXING_REQUEST_ID_DID_NOT_CHANGE_AFTER_LAST_SCANNING]
2026-06-10 09:23:32,496 [  25038]   INFO - #c.i.o.p.InitialDumbTaskRequiredForSmartMode - Finished task required for smart mode: com.intellij.util.indexing.ProjectFileBasedIndexStartupActivity@291cd7d7
2026-06-10 09:23:32,496 [  25038]   INFO - #c.i.o.p.InitialDumbTaskRequiredForSmartMode - Running task required for smart mode: com.intellij.util.indexing.FileBasedIndexInfrastructureExtensionStartup@4d827363
2026-06-10 09:23:32,496 [  25038]   INFO - #c.i.o.p.InitialDumbTaskRequiredForSmartMode - Finished task required for smart mode: com.intellij.util.indexing.FileBasedIndexInfrastructureExtensionStartup@4d827363
2026-06-10 09:23:32,497 [  25039]   INFO - #c.i.o.p.InitialDumbTaskRequiredForSmartMode - Running task required for smart mode: com.intellij.util.indexing.DumbModeWhileScanningSubscriber@62d892ed
2026-06-10 09:23:32,497 [  25039]   INFO - #c.i.o.p.UnindexedFilesScannerExecutor - [15375f63] Running task: com.intellij.util.indexing.UnindexedFilesScannerExecutorImpl$ScheduledScanningTask@f203d86
2026-06-10 09:23:32,498 [  25040]   INFO - #c.i.o.p.InitialDumbTaskRequiredForSmartMode - Finished task required for smart mode: com.intellij.util.indexing.DumbModeWhileScanningSubscriber@62d892ed
2026-06-10 09:23:32,499 [  25041]   INFO - #c.i.o.p.InitialDumbTaskRequiredForSmartMode - Running task required for smart mode: com.intellij.ide.projectWizard.generators.SdkPreIndexingRequiredForSmartModeActivity@74a1f97e
2026-06-10 09:23:32,499 [  25041]   INFO - #c.i.o.p.InitialDumbTaskRequiredForSmartMode - Finished task required for smart mode: com.intellij.ide.projectWizard.generators.SdkPreIndexingRequiredForSmartModeActivity@74a1f97e
2026-06-10 09:23:32,500 [  25042]   INFO - #c.i.o.p.MergingQueueGuiExecutor - Task finished: (dumb mode task) com.intellij.openapi.project.InitialDumbTaskRequiredForSmartMode@1ccfb95a
2026-06-10 09:23:32,505 [  25047]   INFO - #c.i.u.i.UnindexedFilesScanner - [15375f63] scanning stage (scanning id=0): DelayedPushProperties
2026-06-10 09:23:32,508 [  25050]   INFO - #c.i.o.v.i.p.NewMappings - Mapped Roots: 1
2026-06-10 09:23:32,508 [  25050]   INFO - #c.i.o.v.i.p.NewMappings - Detected mapped Root: [Git] - [/data/project]
2026-06-10 09:23:32,512 [  25054]   WARN - #o.j.i.maven - MavenProjectsTree is inconsistent, auto import disabled = false
2026-06-10 09:23:32,514 [  25056]   INFO - #o.j.i.maven - Updating index list for project Project(name=project, containerState=COMPONENT_CREATED, componentStore=/data/project)
2026-06-10 09:23:32,514 [  25056]   INFO - #o.j.i.maven - updating index list for Project(name=project, containerState=COMPONENT_CREATED, componentStore=/data/project) - will add repository local:local:/data/cache/.m2, before was null
2026-06-10 09:23:32,514 [  25056]   WARN - #o.j.i.maven - updateAllMavenProjects started: incremental=false, MavenProjectsManager.onProjectStartup project
2026-06-10 09:23:32,518 [  25060]   INFO - #o.j.i.maven - Starting update maven index for local:local:/data/cache/.m2
2026-06-10 09:23:32,520 [  25062]   INFO - #o.j.i.maven - GAV index updated for repo /data/cache/.m2, 0 files processed in 0 groups in 1 millis, succeed = true
2026-06-10 09:23:32,520 [  25062]   INFO - #c.i.u.i.FileBasedIndexImpl - Indexes are already loaded
2026-06-10 09:23:32,521 [  25063]   INFO - #c.i.u.i.UnindexedFilesScanner - [15375f63] Started scanning for indexing of [project]. Reason: On project open
2026-06-10 09:23:32,521 [  25063]   INFO - #c.i.u.i.UnindexedFilesScanner - [15375f63] scanning stage (scanning id=0): CreatingIterators
2026-06-10 09:23:32,528 [  25070]   INFO - #git4idea.commands.GitHandler - [/data/project] git -c core.quotepath=false -c log.showSignature=false version
2026-06-10 09:23:32,538 [  25080]   INFO - #git4idea.commands.GitHandler - git version 2.47.3
2026-06-10 09:23:32,543 [  25085]   INFO - #git4idea.config.GitExecutableFileTester - Git version for /usr/bin/git: 2.47.3.0 (UNIX)
2026-06-10 09:23:32,581 [  25123]   WARN - #c.i.v.g.r.GitRepositoriesHolder - State of repository RepositoryId(projectId=ProjectId#j530hhls9saotr159ibn, rootPath=/data/project) is not synchronized. Known repositories are: 
2026-06-10 09:23:32,600 [  25142]   INFO - #c.i.u.i.UnindexedFilesScanner - [15375f63] scanning stage (scanning id=0): CollectingIndexableFiles
2026-06-10 09:23:32,601 [  25143]   INFO - #c.i.u.i.UnindexedFilesScanner - Scanning of [project] uses 16 scanning threads
2026-06-10 09:23:32,663 [  25205]   INFO - #c.i.p.i.c.i.i.JavaIdIndexer - skipSourceFilesInLibraries: false (registry: 'ide.index.id.skip.java.sources.in.libs')
2026-06-10 09:23:32,663 [  25205]   INFO - #c.i.p.i.c.i.i.JavaIdIndexer - skipSourceFilesInLibraries: false (registry: 'ide.index.id.skip.java.sources.in.libs')
2026-06-10 09:23:32,669 [  25211]   INFO - #c.i.u.i.IndexingReasonExplanationLogger - Scheduling indexing of NTLMClient.class (id=1463) by request of indexes: [bytecodeAnalysis->NOT_INDEXED(not indexed),org.jetbrains.kotlin.idea.versions.KotlinJvmMetadataVersionIndex->NOT_INDEXED(not indexed),org.jetbrains.kotlin.idea.vfilefinder.KotlinClassFileIndex->NOT_INDEXED(not indexed),org.jetbrains.kotlin.idea.vfilefinder.KotlinPartialPackageNamesIndex->NOT_INDEXED(not indexed),KotlinTopLevelCallableByPackageShortNameIndex->NOT_INDEXED(not indexed),KotlinBinaryRootToPackageIndex->NOT_INDEXED(not indexed),KotlinTopLevelClassLikeDeclarationByPackageShortNameIndex->NOT_INDEXED(not indexed),filetypes->NOT_INDEXED(not indexed),Stubs->NOT_INDEXED(not indexed),]. Scanner has updated file NTLMClient.class (id=1463) with appliers: [SingleIndexValueApplier{indexId=filetypes, inputId=1463, fileInfo='NTLMClient.class(id=1463)'}] and removers: []; 
2026-06-10 09:23:32,669 [  25211]   INFO - #c.i.u.i.IndexingReasonExplanationLogger - Scheduling indexing of module-info.class (id=1075) by request of indexes: [bytecodeAnalysis->NOT_INDEXED(not indexed),org.jetbrains.kotlin.idea.versions.KotlinJvmMetadataVersionIndex->NOT_INDEXED(not indexed),org.jetbrains.kotlin.idea.vfilefinder.KotlinClassFileIndex->NOT_INDEXED(not indexed),org.jetbrains.kotlin.idea.vfilefinder.KotlinPartialPackageNamesIndex->NOT_INDEXED(not indexed),KotlinTopLevelCallableByPackageShortNameIndex->NOT_INDEXED(not indexed),KotlinBinaryRootToPackageIndex->NOT_INDEXED(not indexed),KotlinTopLevelClassLikeDeclarationByPackageShortNameIndex->NOT_INDEXED(not indexed),filetypes->NOT_INDEXED(not indexed),Stubs->NOT_INDEXED(not indexed),]. Scanner has updated file module-info.class (id=1075) with appliers: [SingleIndexValueApplier{indexId=filetypes, inputId=1075, fileInfo='module-info.class(id=1075)'}] and removers: []; 
2026-06-10 09:23:32,670 [  25212]   INFO - #c.i.u.i.IndexingReasonExplanationLogger - Scheduling indexing of ranges.kotlin_builtins (id=962) by request of indexes: [org.jetbrains.kotlin.idea.vfilefinder.KotlinMetadataFileIndex->NOT_INDEXED(not indexed),org.jetbrains.kotlin.idea.vfilefinder.KotlinMetadataFilePackageIndex->NOT_INDEXED(not indexed),org.jetbrains.kotlin.idea.vfilefinder.KotlinPartialPackageNamesIndex->NOT_INDEXED(not indexed),org.jetbrains.kotlin.idea.vfilefinder.KotlinBuiltInsMetadataIndex->NOT_INDEXED(not indexed),KotlinTopLevelCallableByPackageShortNameIndex->NOT_INDEXED(not indexed),KotlinBinaryRootToPackageIndex->NOT_INDEXED(not indexed),KotlinTopLevelClassLikeDeclarationByPackageShortNameIndex->NOT_INDEXED(not indexed),filetypes->NOT_INDEXED(not indexed),Stubs->NOT_INDEXED(not indexed),]. Scanner has updated file ranges.kotlin_builtins (id=962) with appliers: [SingleIndexValueApplier{indexId=filetypes, inputId=962, fileInfo='ranges.kotlin_builtins(id=962)'}] and removers: []; 
2026-06-10 09:23:32,670 [  25212]   INFO - #c.i.u.i.IndexingReasonExplanationLogger - Scheduling indexing of module-info.class (id=1066) by request of indexes: [bytecodeAnalysis->NOT_INDEXED(not indexed),org.jetbrains.kotlin.idea.versions.KotlinJvmMetadataVersionIndex->NOT_INDEXED(not indexed),org.jetbrains.kotlin.idea.vfilefinder.KotlinClassFileIndex->NOT_INDEXED(not indexed),org.jetbrains.kotlin.idea.vfilefinder.KotlinPartialPackageNamesIndex->NOT_INDEXED(not indexed),KotlinTopLevelCallableByPackageShortNameIndex->NOT_INDEXED(not indexed),KotlinBinaryRootToPackageIndex->NOT_INDEXED(not indexed),KotlinTopLevelClassLikeDeclarationByPackageShortNameIndex->NOT_INDEXED(not indexed),filetypes->NOT_INDEXED(not indexed),Stubs->NOT_INDEXED(not indexed),]. Scanner has updated file module-info.class (id=1066) with appliers: [SingleIndexValueApplier{indexId=filetypes, inputId=1066, fileInfo='module-info.class(id=1066)'}] and removers: []; 
2026-06-10 09:23:32,670 [  25212]   INFO - #c.i.u.i.IndexingReasonExplanationLogger - Scheduling indexing of annotation.kotlin_builtins (id=964) by request of indexes: [org.jetbrains.kotlin.idea.vfilefinder.KotlinMetadataFileIndex->NOT_INDEXED(not indexed),org.jetbrains.kotlin.idea.vfilefinder.KotlinMetadataFilePackageIndex->NOT_INDEXED(not indexed),org.jetbrains.kotlin.idea.vfilefinder.KotlinPartialPackageNamesIndex->NOT_INDEXED(not indexed),org.jetbrains.kotlin.idea.vfilefinder.KotlinBuiltInsMetadataIndex->NOT_INDEXED(not indexed),KotlinTopLevelCallableByPackageShortNameIndex->NOT_INDEXED(not indexed),KotlinBinaryRootToPackageIndex->NOT_INDEXED(not indexed),KotlinTopLevelClassLikeDeclarationByPackageShortNameIndex->NOT_INDEXED(not indexed),filetypes->NOT_INDEXED(not indexed),Stubs->NOT_INDEXED(not indexed),]. Scanner has updated file annotation.kotlin_builtins (id=964) with appliers: [SingleIndexValueApplier{indexId=filetypes, inputId=964, fileInfo='annotation.kotlin_builtins(id=964)'}] and removers: []; 
2026-06-10 09:23:32,670 [  25212]   INFO - #c.i.u.i.IndexingReasonExplanationLogger - Scheduling indexing of NTLMServer.class (id=1460) by request of indexes: [bytecodeAnalysis->NOT_INDEXED(not indexed),org.jetbrains.kotlin.idea.versions.KotlinJvmMetadataVersionIndex->NOT_INDEXED(not indexed),org.jetbrains.kotlin.idea.vfilefinder.KotlinClassFileIndex->NOT_INDEXED(not indexed),org.jetbrains.kotlin.idea.vfilefinder.KotlinPartialPackageNamesIndex->NOT_INDEXED(not indexed),KotlinTopLevelCallableByPackageShortNameIndex->NOT_INDEXED(not indexed),KotlinBinaryRootToPackageIndex->NOT_INDEXED(not indexed),KotlinTopLevelClassLikeDeclarationByPackageShortNameIndex->NOT_INDEXED(not indexed),filetypes->NOT_INDEXED(not indexed),Stubs->NOT_INDEXED(not indexed),]. Scanner has updated file NTLMServer.class (id=1460) with appliers: [SingleIndexValueApplier{indexId=filetypes, inputId=1460, fileInfo='NTLMServer.class(id=1460)'}] and removers: []; 
2026-06-10 09:23:32,670 [  25212]   INFO - #c.i.u.i.IndexingReasonExplanationLogger - Scheduling indexing of reflect.kotlin_builtins (id=966) by request of indexes: [org.jetbrains.kotlin.idea.vfilefinder.KotlinMetadataFileIndex->NOT_INDEXED(not indexed),org.jetbrains.kotlin.idea.vfilefinder.KotlinMetadataFilePackageIndex->NOT_INDEXED(not indexed),org.jetbrains.kotlin.idea.vfilefinder.KotlinPartialPackageNamesIndex->NOT_INDEXED(not indexed),org.jetbrains.kotlin.idea.vfilefinder.KotlinBuiltInsMetadataIndex->NOT_INDEXED(not indexed),KotlinTopLevelCallableByPackageShortNameIndex->NOT_INDEXED(not indexed),KotlinBinaryRootToPackageIndex->NOT_INDEXED(not indexed),KotlinTopLevelClassLikeDeclarationByPackageShortNameIndex->NOT_INDEXED(not indexed),filetypes->NOT_INDEXED(not indexed),Stubs->NOT_INDEXED(not indexed),]. Scanner has updated file reflect.kotlin_builtins (id=966) with appliers: [SingleIndexValueApplier{indexId=filetypes, inputId=966, fileInfo='reflect.kotlin_builtins(id=966)'}] and removers: []; 
2026-06-10 09:23:32,670 [  25212]   INFO - #c.i.u.i.IndexingReasonExplanationLogger - Scheduling indexing of FactoryImpl.class (id=1461) by request of indexes: [bytecodeAnalysis->NOT_INDEXED(not indexed),org.jetbrains.kotlin.idea.versions.KotlinJvmMetadataVersionIndex->NOT_INDEXED(not indexed),org.jetbrains.kotlin.idea.vfilefinder.KotlinClassFileIndex->NOT_INDEXED(not indexed),org.jetbrains.kotlin.idea.vfilefinder.KotlinPartialPackageNamesIndex->NOT_INDEXED(not indexed),KotlinTopLevelCallableByPackageShortNameIndex->NOT_INDEXED(not indexed),KotlinBinaryRootToPackageIndex->NOT_INDEXED(not indexed),KotlinTopLevelClassLikeDeclarationByPackageShortNameIndex->NOT_INDEXED(not indexed),filetypes->NOT_INDEXED(not indexed),Stubs->NOT_INDEXED(not indexed),]. Scanner has updated file FactoryImpl.class (id=1461) with appliers: [SingleIndexValueApplier{indexId=filetypes, inputId=1461, fileInfo='FactoryImpl.class(id=1461)'}] and removers: []; 
2026-06-10 09:23:32,671 [  25213]   INFO - #c.i.u.i.IndexingReasonExplanationLogger - Scheduling indexing of internal.kotlin_builtins (id=968) by request of indexes: [org.jetbrains.kotlin.idea.vfilefinder.KotlinMetadataFileIndex->NOT_INDEXED(not indexed),org.jetbrains.kotlin.idea.vfilefinder.KotlinMetadataFilePackageIndex->NOT_INDEXED(not indexed),org.jetbrains.kotlin.idea.vfilefinder.KotlinPartialPackageNamesIndex->NOT_INDEXED(not indexed),org.jetbrains.kotlin.idea.vfilefinder.KotlinBuiltInsMetadataIndex->NOT_INDEXED(not indexed),KotlinTopLevelCallableByPackageShortNameIndex->NOT_INDEXED(not indexed),KotlinBinaryRootToPackageIndex->NOT_INDEXED(not indexed),KotlinTopLevelClassLikeDeclarationByPackageShortNameIndex->NOT_INDEXED(not indexed),filetypes->NOT_INDEXED(not indexed),Stubs->NOT_INDEXED(not indexed),]. Scanner has updated file internal.kotlin_builtins (id=968) with appliers: [SingleIndexValueApplier{indexId=filetypes, inputId=968, fileInfo='internal.kotlin_builtins(id=968)'}] and removers: []; 
2026-06-10 09:23:32,671 [  25213]   INFO - #c.i.u.i.IndexingReasonExplanationLogger - Scheduling indexing of NTLMServer$1.class (id=1462) by request of indexes: [bytecodeAnalysis->NOT_INDEXED(not indexed),org.jetbrains.kotlin.idea.versions.KotlinJvmMetadataVersionIndex->NOT_INDEXED(not indexed),org.jetbrains.kotlin.idea.vfilefinder.KotlinClassFileIndex->NOT_INDEXED(not indexed),org.jetbrains.kotlin.idea.vfilefinder.KotlinPartialPackageNamesIndex->NOT_INDEXED(not indexed),KotlinTopLevelCallableByPackageShortNameIndex->NOT_INDEXED(not indexed),KotlinBinaryRootToPackageIndex->NOT_INDEXED(not indexed),KotlinTopLevelClassLikeDeclarationByPackageShortNameIndex->NOT_INDEXED(not indexed),filetypes->NOT_INDEXED(not indexed),Stubs->NOT_INDEXED(not indexed),]. Scanner has updated file NTLMServer$1.class (id=1462) with appliers: [SingleIndexValueApplier{indexId=filetypes, inputId=1462, fileInfo='NTLMServer$1.class(id=1462)'}] and removers: []; 
2026-06-10 09:23:32,687 [  25229]   INFO - #c.i.c.CompilerWorkspaceConfiguration - Available processors: 16
2026-06-10 09:23:32,713 [  25255]   INFO - #c.i.o.p.DumbServiceImpl - exit dumb mode [project]
2026-06-10 09:23:32,767 [  25309]   INFO - #c.i.u.i.IndexingReasonExplanationLogger - Scanner has updated file vcs.xml (id=1816) with appliers: [SingleIndexValueApplier{indexId=filetypes, inputId=1816, fileInfo='vcs.xml(id=1816)'}] and removers: []; 
2026-06-10 09:23:32,769 [  25311]   INFO - #c.i.u.i.IndexingReasonExplanationLogger - Scanner has updated file misc.xml (id=1809) with appliers: [SingleIndexValueApplier{indexId=filetypes, inputId=1809, fileInfo='misc.xml(id=1809)'}] and removers: []; 
2026-06-10 09:23:32,769 [  25311]   INFO - #c.i.u.i.IndexingReasonExplanationLogger - Scanner has updated file junie.xml (id=1827) with appliers: [SingleIndexValueApplier{indexId=filetypes, inputId=1827, fileInfo='junie.xml(id=1827)'}] and removers: []; 
2026-06-10 09:23:32,770 [  25312]   INFO - #c.i.u.i.IndexingReasonExplanationLogger - Scanner has updated file .gitignore (id=1814) with appliers: [SingleIndexValueApplier{indexId=filetypes, inputId=1814, fileInfo='.gitignore(id=1814)'}] and removers: []; 
2026-06-10 09:23:32,773 [  25315]   INFO - #c.i.u.i.IndexingReasonExplanationLogger - Scanner has updated file compiler.xml (id=1829) with appliers: [SingleIndexValueApplier{indexId=filetypes, inputId=1829, fileInfo='compiler.xml(id=1829)'}] and removers: []; 
2026-06-10 09:23:32,777 [  25319]   INFO - #c.i.u.i.IndexingReasonExplanationLogger - Scanner has updated file workspace.xml (id=1812) with appliers: [SingleIndexValueApplier{indexId=filetypes, inputId=1812, fileInfo='workspace.xml(id=1812)'}] and removers: []; 
2026-06-10 09:23:32,781 [  25323]   INFO - #c.i.u.i.IndexingReasonExplanationLogger - Scanner has updated file jarRepositories.xml (id=1828) with appliers: [SingleIndexValueApplier{indexId=filetypes, inputId=1828, fileInfo='jarRepositories.xml(id=1828)'}] and removers: []; 
2026-06-10 09:23:32,834 [  25376]   INFO - #c.i.u.i.IndexingReasonExplanationLogger - Scanner has updated file favicon.ico (id=5670) with appliers: [SingleIndexValueApplier{indexId=filetypes, inputId=5670, fileInfo='favicon.ico(id=5670)'}] and removers: []; 
2026-06-10 09:23:32,840 [  25382]   INFO - #o.j.i.maven - preimport statistics: linked: 1 of 1 with total 1 modules interpolated 2 of 2, 0 modules added. This statistics calculated for 0 millis
2026-06-10 09:23:32,845 [  25387]   INFO - #o.j.i.maven - Importing Maven project using Workspace API
2026-06-10 09:23:32,914 [  25456]   INFO - #c.i.w.i.i.WorkspaceModelImpl - Workspace model update attempt 1/3, updater took 10 ms: Maven update project model  (project=project, locationHash=15375f63)
2026-06-10 09:23:32,916 [  25458]   INFO - #c.i.o.p.i.ProgressManagerImpl - checkCancelled is invoked while write-action is pending. nonCancellable: false, hasProgressIndicator: false, hasContextJob: true, hasNoneBehavior: true, hasOnlyHooksBehavior: false, cancelled: false
2026-06-10 09:23:32,958 [  25500]   INFO - #c.i.w.i.i.EntitiesOrphanageImpl - Update orphanage. 0 modules added
2026-06-10 09:23:32,960 [  25502]   INFO - #c.i.w.i.i.WorkspaceModelImpl - Project model for project project (locationHash=15375f63) updated to version 8: Maven update project model
2026-06-10 09:23:32,961 [  25503]   INFO - #c.i.w.i.i.WorkspaceModelImpl - Workspace model updated in 56 ms: Maven update project model (project=project, locationHash=15375f63)
2026-06-10 09:23:32,972 [  25514]   INFO - #o.j.i.m.i.w.WorkspaceProjectImporter - Project model updated to version 8 (attempts: 0, previous version: 7)
2026-06-10 09:23:32,975 [  25517]   INFO - #o.j.i.maven - [maven import] applying models to workspace model took 130ms
2026-06-10 09:23:32,980 [  25522]   INFO - #c.i.u.i.IndexingReasonExplanationLogger - Scanner has updated file mbean.gif (id=12835) with appliers: [SingleIndexValueApplier{indexId=filetypes, inputId=12835, fileInfo='mbean.gif(id=12835)'}] and removers: []; 
2026-06-10 09:23:32,982 [  25524]   INFO - #c.i.u.i.IndexingReasonExplanationLogger - Scanner has updated file xobject.gif (id=13104) with appliers: [SingleIndexValueApplier{indexId=filetypes, inputId=13104, fileInfo='xobject.gif(id=13104)'}] and removers: []; 
2026-06-10 09:23:33,028 [  25570]   INFO - #c.i.e.r.RemoteProcessSupport - Starring remote process. Existing info not found, creating PendingInfo:<DeferredCoroutine{Active}@56450740,>
2026-06-10 09:23:33,031 [  25573]   INFO - #o.j.i.maven - Using extension org.jetbrains.idea.maven.maven3.Maven3Support@7e9c341f to start MavenServer
2026-06-10 09:23:33,052 [  25594]   INFO - #c.i.e.r.RemoteProcessSupport - Remote process system:/root/.jdks/openjdk-26.0.1/bin/java -Djava.awt.headless=true -Dmaven.defaultProjectBuilder.disableGlobalModelCache=true -Ddelegate.ssl.to.ide=true -Didea.version=2026.2 -Didea.maven.embedder.version=3.9.16 -Xmx768m -Dsun.rmi.server.exceptionTrace=true -Dmaven.ext.class.path=/opt/idea/plugins/maven-plugin/lib/intellij.maven.rt/maven-event-listener.jar -Dfile.encoding=UTF-8 -Dsun.stdout.encoding=UTF-8 -Dsun.stderr.encoding=UTF-8 -classpath /opt/idea/plugins/maven-plugin/lib/intellij.maven.model.jar:/opt/idea/plugins/maven-plugin/lib/maven-server.jar:/opt/idea/plugins/maven-plugin/lib/intellij.maven.rt/maven-event-listener.jar:/opt/idea/lib/intellij.libraries.opentelemetry.jar:/opt/idea/plugins/maven-plugin/lib/intellij.maven.server3/maven3-server.jar:/opt/idea/plugins/maven-plugin/lib/intellij.maven.server3/archetype-catalog-2.2.jar:/opt/idea/plugins/maven-plugin/lib/intellij.maven.server3/archetype-common-2.2.jar:/opt/idea/plugins/maven-plugin/lib/intellij.maven.server3/archetype-descriptor-2.2.jar:/opt/idea/plugins/maven-plugin/lib/intellij.maven.server3/nexus-indexer-3.0.4.jar:/opt/idea/plugins/maven-plugin/lib/intellij.maven.server3/maven-server-telemetry.jar:/opt/idea/plugins/maven-plugin/lib/intellij.maven.server3/maven3-server-common.jar:/opt/idea/plugins/maven-plugin/lib/intellij.maven.server3/nexus-indexer-artifact-1.0.1.jar:/opt/idea/plugins/maven-plugin/lib/intellij.maven.server3/maven-dependency-tree-1.2.jar:/opt/idea/plugins/maven-plugin/lib/intellij.maven.server3/lucene-core-2.4.1.jar:/opt/idea/plugins/maven-plugin/lib/intellij.maven.server3/jackson-core-2.16.0.jar:/opt/idea/plugins/maven-plugin/lib/intellij.maven.server36/maven36-server.jar:/opt/idea/plugins/maven-plugin/lib/maven3/lib/maven-resolver-transport-file-1.9.27.jar:/opt/idea/plugins/maven-plugin/lib/maven3/lib/javax.annotation-api-1.3.2.jar:/opt/idea/plugins/maven-plugin/lib/maven3/lib/maven-resolver-named-locks-1.9.27.jar:/opt/idea/plugins/maven-plugin/lib/maven3/lib/javax.inject-1.jar:/opt/idea/plugins/maven-plugin/lib/maven3/lib/maven-resolver-connector-basic-1.9.27.jar:/opt/idea/plugins/maven-plugin/lib/maven3/lib/maven-embedder-3.9.16.jar:/opt/idea/plugins/maven-plugin/lib/maven3/lib/maven-artifact-3.9.16.jar:/opt/idea/plugins/maven-plugin/lib/maven3/lib/error_prone_annotations-2.41.0.jar:/opt/idea/plugins/maven-plugin/lib/maven3/lib/plexus-utils-3.6.1.jar:/opt/idea/plugins/maven-plugin/lib/maven3/lib/maven-resolver-api-1.9.27.jar:/opt/idea/plugins/maven-plugin/lib/maven3/lib/maven-repository-metadata-3.9.16.jar:/opt/idea/plugins/maven-plugin/lib/maven3/lib/failureaccess-1.0.3.jar:/opt/idea/plugins/maven-plugin/lib/maven3/lib/maven-core-3.9.16.jar:/opt/idea/plugins/maven-plugin/lib/maven3/lib/maven-shared-utils-3.4.2.jar:/opt/idea/plugins/maven-plugin/lib/maven3/lib/wagon-file-3.5.3.jar:/opt/idea/plugins/maven-plugin/lib/maven3/lib/httpclient-4.5.14.jar:/opt/idea/plugins/maven-plugin/lib/maven3/lib/plexus-component-annotations-2.2.0.jar:/opt/idea/plugins/maven-plugin/lib/maven3/lib/maven-settings-3.9.16.jar:/opt/idea/plugins/maven-plugin/lib/maven3/lib/maven-resolver-transport-wagon-1.9.27.jar:/opt/idea/plugins/maven-plugin/lib/maven3/lib/maven-model-3.9.16.jar:/opt/idea/plugins/maven-plugin/lib/maven3/lib/wagon-provider-api-3.5.3.jar:/opt/idea/plugins/maven-plugin/lib/maven3/lib/maven-resolver-util-1.9.27.jar:/opt/idea/plugins/maven-plugin/lib/maven3/lib/guice-5.1.0-classes.jar:/opt/idea/plugins/maven-plugin/lib/maven3/lib/wagon-http-3.5.3.jar:/opt/idea/plugins/maven-plugin/lib/maven3/lib/plexus-sec-dispatcher-2.0.jar:/opt/idea/plugins/maven-plugin/lib/maven3/lib/maven-plugin-api-3.9.16.jar:/opt/idea/plugins/maven-plugin/lib/maven3/lib/wagon-http-shared-3.5.3.jar:/opt/idea/plugins/maven-plugin/lib/maven3/lib/slf4j-api-1.7.36.jar:/opt/idea/plugins/maven-plugin/lib/maven3/lib/org.eclipse.sisu.inject-1.0.0.jar:/opt/idea/plugins/maven-plugin/lib/maven3/lib/maven-builder-support-3.9.16.jar:/opt/idea/plugins/maven-plugin/lib/maven3/lib/jspecify-1.0.0.jar:/opt/idea/plugins/maven-plugin/lib/maven3/lib/jansi-2.4.3.jar:/opt/idea/plugins/maven-plugin/lib/maven3/lib/maven-resolver-provider-3.9.16.jar:/opt/idea/plugins/maven-plugin/lib/maven3/lib/maven-resolver-impl-1.9.27.jar:/opt/idea/plugins/maven-plugin/lib/maven3/lib/maven-resolver-spi-1.9.27.jar:/opt/idea/plugins/maven-plugin/lib/maven3/lib/maven-settings-builder-3.9.16.jar:/opt/idea/plugins/maven-plugin/lib/maven3/lib/commons-cli-1.11.0.jar:/opt/idea/plugins/maven-plugin/lib/maven3/lib/gson-2.13.2.jar:/opt/idea/plugins/maven-plugin/lib/maven3/lib/maven-resolver-transport-http-1.9.27.jar:/opt/idea/plugins/maven-plugin/lib/maven3/lib/maven-model-builder-3.9.16.jar:/opt/idea/plugins/maven-plugin/lib/maven3/lib/asm-9.9.1.jar:/opt/idea/plugins/maven-plugin/lib/maven3/lib/maven-compat-3.9.16.jar:/opt/idea/plugins/maven-plugin/lib/maven3/lib/plexus-interpolation-1.29.jar:/opt/idea/plugins/maven-plugin/lib/maven3/lib/aopalliance-1.0.jar:/opt/idea/plugins/maven-plugin/lib/maven3/lib/guava-33.6.0-jre.jar:/opt/idea/plugins/maven-plugin/lib/maven3/lib/jcl-over-slf4j-1.7.36.jar:/opt/idea/plugins/maven-plugin/lib/maven3/lib/plexus-cipher-2.0.jar:/opt/idea/plugins/maven-plugin/lib/maven3/lib/httpcore-4.4.16.jar:/opt/idea/plugins/maven-plugin/lib/maven3/lib/commons-codec-1.21.0.jar:/opt/idea/plugins/maven-plugin/lib/maven3/lib/org.eclipse.sisu.plexus-1.0.0.jar:/opt/idea/plugins/maven-plugin/lib/maven3/boot/plexus-classworlds.license:/opt/idea/plugins/maven-plugin/lib/maven3/boot/plexus-classworlds-2.11.0.jar:/opt/idea/lib/util_rt.jar:/opt/idea/lib/annotations.jar:/opt/idea/lib/util-8.jar org.jetbrains.idea.maven.server.RemoteMavenServer36

2026-06-10 09:23:33,053 [  25595]   INFO - #c.i.e.r.RemoteProcessSupport - Staring remote process, startNotified received, creating PendingInfo: <DeferredCoroutine{Active}@56450740,>
2026-06-10 09:23:33,053 [  25595]   INFO - #o.j.i.maven - Sent token to maven server
2026-06-10 09:23:33,160 [  25702]   INFO - STDOUT - [IDE]: Task 'Resolving SDKs…' started
2026-06-10 09:23:33,160 [  25702]   INFO - STDOUT - [IDE]: Validating existing SDKs
2026-06-10 09:23:33,164 [  25706]   INFO - STDOUT - [IDE]: Task 'Resolving SDKs…' ended in 3 ms
2026-06-10 09:23:33,225 [  25767]   INFO - #c.i.e.r.RemoteProcessSupport - Started remote process on: 127.0.0.1:9795with service port 34897 and id = Maven36ServerImplde204e66
2026-06-10 09:23:33,654 [  26196]   WARN - #c.i.e.r.RemoteProcessSupport - Remote process stderr:WARNING: A terminally deprecated method in sun.misc.Unsafe has been called

2026-06-10 09:23:33,655 [  26197]   WARN - #c.i.e.r.RemoteProcessSupport - WARNING: A terminally deprecated method in sun.misc.Unsafe has been called
2026-06-10 09:23:33,655 [  26197]   WARN - #c.i.e.r.RemoteProcessSupport - Remote process stderr:WARNING: sun.misc.Unsafe::staticFieldBase has been called by com.google.inject.internal.aop.HiddenClassDefiner (file:/opt/idea/plugins/maven-plugin/lib/maven3/lib/guice-5.1.0-classes.jar)

2026-06-10 09:23:33,655 [  26197]   WARN - #c.i.e.r.RemoteProcessSupport - WARNING: sun.misc.Unsafe::staticFieldBase has been called by com.google.inject.internal.aop.HiddenClassDefiner (file:/opt/idea/plugins/maven-plugin/lib/maven3/lib/guice-5.1.0-classes.jar)
2026-06-10 09:23:33,655 [  26197]   WARN - #c.i.e.r.RemoteProcessSupport - Remote process stderr:WARNING: Please consider reporting this to the maintainers of class com.google.inject.internal.aop.HiddenClassDefiner

2026-06-10 09:23:33,656 [  26198]   WARN - #c.i.e.r.RemoteProcessSupport - WARNING: Please consider reporting this to the maintainers of class com.google.inject.internal.aop.HiddenClassDefiner
2026-06-10 09:23:33,656 [  26198]   WARN - #c.i.e.r.RemoteProcessSupport - Remote process stderr:WARNING: sun.misc.Unsafe::staticFieldBase will be removed in a future release

2026-06-10 09:23:33,656 [  26198]   WARN - #c.i.e.r.RemoteProcessSupport - WARNING: sun.misc.Unsafe::staticFieldBase will be removed in a future release
2026-06-10 09:23:33,682 [  26224]   INFO - #c.i.u.i.UnindexedFilesScanner - [15375f63] Scanning completed for [project]. Number of scanned files: 43663; number of files for indexing: 43256
2026-06-10 09:23:33,682 [  26224]   INFO - #c.i.o.p.InitialVfsRefreshService - 15375f63: marking roots for initial VFS refresh
2026-06-10 09:23:33,682 [  26224]   INFO - #c.i.o.p.InitialVfsRefreshService - 15375f63: starting initial VFS refresh of 4 roots
2026-06-10 09:23:33,719 [  26261]   INFO - #git4idea.branch.GitBranchIncomingOutgoingManager - Listing remote info for 1 repositories
2026-06-10 09:23:33,720 [  26262]   INFO - #c.i.o.p.InitialVfsRefreshService - 15375f63: initial VFS refresh finished in 37 ms
2026-06-10 09:23:33,725 [  26267]   INFO - #c.i.o.p.UnindexedFilesScannerExecutor - [15375f63] Task finished (scanning id=0): com.intellij.util.indexing.UnindexedFilesScannerExecutorImpl$ScheduledScanningTask@f203d86
2026-06-10 09:23:33,726 [  26268]   INFO - #c.i.o.p.UnindexedFilesScannerExecutor - [15375f63] Running task: com.intellij.util.indexing.UnindexedFilesScannerExecutorImpl$ScheduledScanningTask@7cd3ccb9
2026-06-10 09:23:33,726 [  26268]   INFO - #c.i.u.i.UnindexedFilesScanner - [15375f63] scanning stage (scanning id=1): DelayedPushProperties
2026-06-10 09:23:33,726 [  26268]   INFO - #c.i.o.p.DumbServiceImpl - enter dumb mode [project]
2026-06-10 09:23:33,727 [  26269]   INFO - #c.i.o.p.MergingQueueGuiExecutor - Running task: (dumb mode task) UnindexedFilesIndexer[project, reasons: [On project open]]
2026-06-10 09:23:33,727 [  26269]   INFO - #c.i.u.i.FileBasedIndexImpl - Indexes are already loaded
2026-06-10 09:23:33,734 [  26276]   INFO - #c.i.u.i.UnindexedFilesScanner - [15375f63] Started scanning for indexing of [project]. Reason: Changes from WorkspaceFileIndex (2 iterators)
2026-06-10 09:23:33,734 [  26276]   INFO - #c.i.u.i.UnindexedFilesScanner - [15375f63] scanning stage (scanning id=1): CreatingIterators
2026-06-10 09:23:33,734 [  26276]   INFO - #c.i.u.i.UnindexedFilesScanner - [15375f63] scanning stage (scanning id=1): CollectingIndexableFiles
2026-06-10 09:23:33,734 [  26276]   INFO - #c.i.u.i.UnindexedFilesScanner - Scanning of [project] uses 16 scanning threads
2026-06-10 09:23:33,737 [  26279]   INFO - #c.i.u.i.IndexingReasonExplanationLogger - Scheduling indexing of -e (id=1018) by request of indexes: [Trigram.Index->NOT_INDEXED(not indexed),]. 
2026-06-10 09:23:33,737 [  26279]   INFO - #c.i.u.i.IndexingReasonExplanationLogger - Scheduling indexing of -v (id=1011) by request of indexes: [Trigram.Index->NOT_INDEXED(not indexed),]. 
2026-06-10 09:23:33,737 [  26279]   INFO - #c.i.u.i.IndexingReasonExplanationLogger - Scheduling indexing of gc.log (id=1045) by request of indexes: [org.jetbrains.kotlin.idea.vfilefinder.KotlinStdlibIndex->NOT_INDEXED(not indexed),Trigram.Index->NOT_INDEXED(not indexed),IdIndex->NOT_INDEXED(not indexed),]. 
2026-06-10 09:23:33,737 [  26279]   INFO - #c.i.u.i.IndexingReasonExplanationLogger - Scheduling indexing of git.log (id=1048) by request of indexes: [org.jetbrains.kotlin.idea.vfilefinder.KotlinStdlibIndex->NOT_INDEXED(not indexed),Trigram.Index->NOT_INDEXED(not indexed),IdIndex->NOT_INDEXED(not indexed),]. 
2026-06-10 09:23:33,737 [  26279]   INFO - #c.i.u.i.IndexingReasonExplanationLogger - Scheduling indexing of idea.log (id=1043) by request of indexes: [org.jetbrains.kotlin.idea.vfilefinder.KotlinStdlibIndex->NOT_INDEXED(not indexed),Trigram.Index->NOT_INDEXED(not indexed),IdIndex->NOT_INDEXED(not indexed),]. 
2026-06-10 09:23:33,737 [  26279]   INFO - #c.i.u.i.IndexingReasonExplanationLogger - Scheduling indexing of open-telemetry-metrics-plotter.html (id=1307) by request of indexes: [Trigram.Index->NOT_INDEXED(not indexed),IdIndex->NOT_INDEXED(not indexed),html5.custom.attributes.index->NOT_INDEXED(not indexed),Stubs->NOT_INDEXED(not indexed),]. 
2026-06-10 09:23:33,738 [  26280]   INFO - #c.i.u.i.IndexingReasonExplanationLogger - Scheduling indexing of open-telemetry-meters.2026-06-10-09-23-07.json (id=1302) by request of indexes: [Trigram.Index->NOT_INDEXED(not indexed),json.file.root.values->NOT_INDEXED(not indexed),IdIndex->NOT_INDEXED(not indexed),]. 
2026-06-10 09:23:33,738 [  26280]   INFO - #c.i.u.i.IndexingReasonExplanationLogger - Scheduling indexing of open-telemetry-metrics.2026-06-10-09-23-07.csv (id=1304) by request of indexes: [org.jetbrains.kotlin.idea.vfilefinder.KotlinStdlibIndex->NOT_INDEXED(not indexed),Trigram.Index->NOT_INDEXED(not indexed),IdIndex->NOT_INDEXED(not indexed),]. 
2026-06-10 09:23:33,738 [  26280]   INFO - #c.i.u.i.IndexingReasonExplanationLogger - Scheduling indexing of qodana.yaml (id=1042) by request of indexes: [org.jetbrains.kotlin.idea.vfilefinder.KotlinStdlibIndex->NOT_INDEXED(not indexed),Trigram.Index->NOT_INDEXED(not indexed),IdIndex->NOT_INDEXED(not indexed),]. 
2026-06-10 09:23:33,738 [  26280]   INFO - #c.i.u.i.IndexingReasonExplanationLogger - Scheduling indexing of gradle-import.log (id=1044) by request of indexes: [org.jetbrains.kotlin.idea.vfilefinder.KotlinStdlibIndex->NOT_INDEXED(not indexed),Trigram.Index->NOT_INDEXED(not indexed),IdIndex->NOT_INDEXED(not indexed),]. 
2026-06-10 09:23:33,743 [  26285]   INFO - #c.i.u.i.UnindexedFilesScanner - [15375f63] Scanning completed for [project]. Number of scanned files: 27; number of files for indexing: 20
2026-06-10 09:23:33,745 [  26287]   INFO - #c.i.o.p.UnindexedFilesScannerExecutor - [15375f63] Task finished (scanning id=1): com.intellij.util.indexing.UnindexedFilesScannerExecutorImpl$ScheduledScanningTask@7cd3ccb9
2026-06-10 09:23:33,745 [  26287]   INFO - #c.i.u.i.FileBasedIndexImpl - Indexes are already loaded
2026-06-10 09:23:33,752 [  26294]   INFO - #c.i.u.i.c.IndexUpdateRunner - Using 16 workers for indexing and 4 for writing indexes
2026-06-10 09:23:37,494 [  30036]   INFO - #c.i.w.i.i.WorkspaceModelImpl - Workspace model updated in 0 ms: Add project root /data/project to project project (project=project, locationHash=15375f63)
2026-06-10 09:23:37,498 [  30040]   INFO - #c.i.i.s.DeviceIdManager - Generating new Device ID for 'EA'
2026-06-10 09:23:37,498 [  30040]   INFO - #c.i.d.ReporterIdLoggerActivity - Exception reporter ID: 1006263402b2b48-7e3c-4598-9b87-f65856f0a97b
2026-06-10 09:23:37,525 [  30067]   INFO - #o.j.q.s.QodanaLinterBackgroundStartupActivity - Executed Qodana backgroundPostStartupActivity
2026-06-10 09:23:37,526 [  30068]   INFO - #o.j.p.g.j.IdeVersionedDataUpdater - Updating version compatibility for org.jetbrains.plugins.gradle.jvmcompat.GradleCompatibilitySupportUpdater. Last update was: 0. Update interval: 1d Url to update https://download.jetbrains.com/resources/intellij/plugins/gradle/v1/compatibility.json
2026-06-10 09:23:37,535 [  30077]   INFO - #o.j.j.b.i.CompilerReferenceIndex - backward reference index version doesn't exist
2026-06-10 09:23:37,538 [  30080]   INFO - #c.i.c.b.IsUpToDateCheckStartupActivity - suitable consumer is not found
2026-06-10 09:23:37,602 [  30144]   INFO - #c.i.o.p.i.ProgressManagerImpl - checkCancelled is invoked while write-action is pending. nonCancellable: false, hasProgressIndicator: false, hasContextJob: true, hasNoneBehavior: false, hasOnlyHooksBehavior: true, cancelled: false
2026-06-10 09:23:37,606 [  30148]   INFO - #o.j.i.maven - maven plugin resolution started: [org.apache.maven.plugins:maven-resources-plugin:3.4.0, org.apache.maven.plugins:maven-clean-plugin:3.2.0, org.apache.maven.plugins:maven-compiler-plugin:3.15.0, org.apache.maven.plugins:maven-install-plugin:3.1.4, org.apache.maven.plugins:maven-deploy-plugin:3.1.4, org.apache.maven.plugins:maven-jar-plugin:3.5.0, org.apache.maven.plugins:maven-site-plugin:3.12.1, org.apache.maven.plugins:maven-surefire-plugin:3.5.4]
2026-06-10 09:23:37,607 [  30149]   INFO - #o.j.i.maven - Importing Maven project using Workspace API
2026-06-10 09:23:37,635 [  30177]   INFO - #c.i.w.i.i.WorkspaceModelImpl - Workspace model update attempt 1/3, updater took 11 ms: Maven update project model  (project=project, locationHash=15375f63)
2026-06-10 09:23:37,640 [  30182]   INFO - #c.i.w.i.i.EntitiesOrphanageImpl - Update orphanage. 0 modules added
2026-06-10 09:23:37,642 [  30184]   INFO - #c.i.w.i.i.WorkspaceModelImpl - Project model for project project (locationHash=15375f63) updated to version 9: Maven update project model
2026-06-10 09:23:37,643 [  30185]   INFO - #c.i.w.i.i.WorkspaceModelImpl - Workspace model updated in 18 ms: Maven update project model (project=project, locationHash=15375f63)
2026-06-10 09:23:37,650 [  30192]   INFO - #o.j.i.m.i.w.WorkspaceProjectImporter - Project model updated to version 9 (attempts: 0, previous version: 8)
2026-06-10 09:23:37,651 [  30193]   INFO - #o.j.i.maven - [maven import] applying models to workspace model took 44ms
2026-06-10 09:23:37,652 [  30194]   INFO - #o.j.i.maven - Updating index list for project Project(name=project, containerState=COMPONENT_CREATED, componentStore=/data/project)
2026-06-10 09:23:37,652 [  30194]   INFO - #o.j.i.maven - updating index list for Project(name=project, containerState=COMPONENT_CREATED, componentStore=/data/project) - local:local:/data/cache/.m2 remains the same, nothing to update
2026-06-10 09:23:37,736 [  30278]   INFO - #c.i.o.p.i.ProgressManagerImpl - checkCancelled is invoked while write-action is pending. nonCancellable: false, hasProgressIndicator: false, hasContextJob: true, hasNoneBehavior: true, hasOnlyHooksBehavior: false, cancelled: false
2026-06-10 09:23:37,911 [  30453]   INFO - #o.j.p.g.j.IdeVersionedDataUpdater - IDE versioned data for org.jetbrains.plugins.gradle.jvmcompat.GradleCompatibilitySupportUpdater was updated
2026-06-10 09:23:40,042 [  32584]   INFO - #c.i.u.i.ProjectChangedFilesScanner - Retrieving changed during indexing files of project : 11 to update, calculated in 15ms
2026-06-10 09:23:40,102 [  32644]   INFO - #c.i.u.i.UnindexedFilesIndexer - Finished for project. Unindexed files update took 6354ms; general responsiveness: ok; EDT responsiveness: ok
2026-06-10 09:23:40,102 [  32644]   INFO - #c.i.o.p.MergingQueueGuiExecutor - Task finished: (dumb mode task) UnindexedFilesIndexer[project, reasons: [On project open]]
2026-06-10 09:23:40,103 [  32645]   INFO - #c.i.o.p.MergingQueueGuiExecutor - Running task: (dumb mode task) UnindexedFilesIndexer[project, reasons: [Changes from WorkspaceFileIndex (2 iterators)]]
2026-06-10 09:23:40,104 [  32646]   INFO - #c.i.o.p.UnindexedFilesScannerExecutor - [15375f63] Running task: com.intellij.util.indexing.UnindexedFilesScannerExecutorImpl$ScheduledScanningTask@25d1392
2026-06-10 09:23:40,104 [  32646]   INFO - #c.i.u.i.UnindexedFilesScanner - [15375f63] scanning stage (scanning id=2): DelayedPushProperties
2026-06-10 09:23:40,107 [  32649]   INFO - #c.i.u.i.FileBasedIndexImpl - Indexes are already loaded
2026-06-10 09:23:40,107 [  32649]   INFO - #c.i.u.i.UnindexedFilesScanner - [15375f63] Started scanning for indexing of [project]. Reason: Merged Changes from WorkspaceFileIndex (1 iterators) with Changes from WorkspaceFileIndex (4 iterators) with Changes from WorkspaceFileIndex (4 iterators)
2026-06-10 09:23:40,107 [  32649]   INFO - #c.i.u.i.UnindexedFilesScanner - [15375f63] scanning stage (scanning id=2): CreatingIterators
2026-06-10 09:23:40,107 [  32649]   INFO - #c.i.u.i.UnindexedFilesScanner - [15375f63] scanning stage (scanning id=2): CollectingIndexableFiles
2026-06-10 09:23:40,107 [  32649]   INFO - #c.i.u.i.UnindexedFilesScanner - Scanning of [project] uses 16 scanning threads
2026-06-10 09:23:40,113 [  32655]   INFO - #c.i.u.i.IndexingReasonExplanationLogger - Scheduling indexing of NoOpLog.class (id=91132) by request of indexes: [bytecodeAnalysis->NOT_INDEXED(not indexed),org.jetbrains.kotlin.idea.versions.KotlinJvmMetadataVersionIndex->NOT_INDEXED(not indexed),org.jetbrains.kotlin.idea.vfilefinder.KotlinClassFileIndex->NOT_INDEXED(not indexed),org.jetbrains.kotlin.idea.vfilefinder.KotlinPartialPackageNamesIndex->NOT_INDEXED(not indexed),KotlinTopLevelCallableByPackageShortNameIndex->NOT_INDEXED(not indexed),KotlinBinaryRootToPackageIndex->NOT_INDEXED(not indexed),KotlinTopLevelClassLikeDeclarationByPackageShortNameIndex->NOT_INDEXED(not indexed),filetypes->NOT_INDEXED(not indexed),Stubs->NOT_INDEXED(not indexed),]. Scanner has updated file NoOpLog.class (id=91132) with appliers: [SingleIndexValueApplier{indexId=filetypes, inputId=91132, fileInfo='NoOpLog.class(id=91132)'}] and removers: []; 
2026-06-10 09:23:40,113 [  32655]   INFO - #c.i.u.i.IndexingReasonExplanationLogger - Scheduling indexing of Is.class (id=91120) by request of indexes: [bytecodeAnalysis->NOT_INDEXED(not indexed),org.jetbrains.kotlin.idea.versions.KotlinJvmMetadataVersionIndex->NOT_INDEXED(not indexed),org.jetbrains.kotlin.idea.vfilefinder.KotlinClassFileIndex->NOT_INDEXED(not indexed),org.jetbrains.kotlin.idea.vfilefinder.KotlinPartialPackageNamesIndex->NOT_INDEXED(not indexed),KotlinTopLevelCallableByPackageShortNameIndex->NOT_INDEXED(not indexed),KotlinBinaryRootToPackageIndex->NOT_INDEXED(not indexed),KotlinTopLevelClassLikeDeclarationByPackageShortNameIndex->NOT_INDEXED(not indexed),filetypes->NOT_INDEXED(not indexed),Stubs->NOT_INDEXED(not indexed),]. Scanner has updated file Is.class (id=91120) with appliers: [SingleIndexValueApplier{indexId=filetypes, inputId=91120, fileInfo='Is.class(id=91120)'}] and removers: []; 
2026-06-10 09:23:40,113 [  32655]   INFO - #c.i.u.i.IndexingReasonExplanationLogger - Scheduling indexing of SimpleLog.class (id=91130) by request of indexes: [bytecodeAnalysis->NOT_INDEXED(not indexed),org.jetbrains.kotlin.idea.versions.KotlinJvmMetadataVersionIndex->NOT_INDEXED(not indexed),org.jetbrains.kotlin.idea.vfilefinder.KotlinClassFileIndex->NOT_INDEXED(not indexed),org.jetbrains.kotlin.idea.vfilefinder.KotlinPartialPackageNamesIndex->NOT_INDEXED(not indexed),KotlinTopLevelCallableByPackageShortNameIndex->NOT_INDEXED(not indexed),KotlinBinaryRootToPackageIndex->NOT_INDEXED(not indexed),KotlinTopLevelClassLikeDeclarationByPackageShortNameIndex->NOT_INDEXED(not indexed),filetypes->NOT_INDEXED(not indexed),Stubs->NOT_INDEXED(not indexed),]. Scanner has updated file SimpleLog.class (id=91130) with appliers: [SingleIndexValueApplier{indexId=filetypes, inputId=91130, fileInfo='SimpleLog.class(id=91130)'}] and removers: []; 
2026-06-10 09:23:40,113 [  32655]   INFO - #c.i.u.i.IndexingReasonExplanationLogger - Scheduling indexing of Log.class (id=91101) by request of indexes: [bytecodeAnalysis->NOT_INDEXED(not indexed),org.jetbrains.kotlin.idea.versions.KotlinJvmMetadataVersionIndex->NOT_INDEXED(not indexed),org.jetbrains.kotlin.idea.vfilefinder.KotlinClassFileIndex->NOT_INDEXED(not indexed),org.jetbrains.kotlin.idea.vfilefinder.KotlinPartialPackageNamesIndex->NOT_INDEXED(not indexed),KotlinTopLevelCallableByPackageShortNameIndex->NOT_INDEXED(not indexed),KotlinBinaryRootToPackageIndex->NOT_INDEXED(not indexed),KotlinTopLevelClassLikeDeclarationByPackageShortNameIndex->NOT_INDEXED(not indexed),filetypes->NOT_INDEXED(not indexed),Stubs->NOT_INDEXED(not indexed),]. Scanner has updated file Log.class (id=91101) with appliers: [SingleIndexValueApplier{indexId=filetypes, inputId=91101, fileInfo='Log.class(id=91101)'}] and removers: []; 
2026-06-10 09:23:40,113 [  32655]   INFO - #c.i.u.i.IndexingReasonExplanationLogger - Scheduling indexing of LogAdapter.class (id=91100) by request of indexes: [bytecodeAnalysis->NOT_INDEXED(not indexed),org.jetbrains.kotlin.idea.versions.KotlinJvmMetadataVersionIndex->NOT_INDEXED(not indexed),org.jetbrains.kotlin.idea.vfilefinder.KotlinClassFileIndex->NOT_INDEXED(not indexed),org.jetbrains.kotlin.idea.vfilefinder.KotlinPartialPackageNamesIndex->NOT_INDEXED(not indexed),KotlinTopLevelCallableByPackageShortNameIndex->NOT_INDEXED(not indexed),KotlinBinaryRootToPackageIndex->NOT_INDEXED(not indexed),KotlinTopLevelClassLikeDeclarationByPackageShortNameIndex->NOT_INDEXED(not indexed),filetypes->NOT_INDEXED(not indexed),Stubs->NOT_INDEXED(not indexed),]. Scanner has updated file LogAdapter.class (id=91100) with appliers: [SingleIndexValueApplier{indexId=filetypes, inputId=91100, fileInfo='LogAdapter.class(id=91100)'}] and removers: []; 
2026-06-10 09:23:40,113 [  32655]   INFO - #c.i.u.i.IndexingReasonExplanationLogger - Scheduling indexing of AllOf.class (id=91114) by request of indexes: [bytecodeAnalysis->NOT_INDEXED(not indexed),org.jetbrains.kotlin.idea.versions.KotlinJvmMetadataVersionIndex->NOT_INDEXED(not indexed),org.jetbrains.kotlin.idea.vfilefinder.KotlinClassFileIndex->NOT_INDEXED(not indexed),org.jetbrains.kotlin.idea.vfilefinder.KotlinPartialPackageNamesIndex->NOT_INDEXED(not indexed),KotlinTopLevelCallableByPackageShortNameIndex->NOT_INDEXED(not indexed),KotlinBinaryRootToPackageIndex->NOT_INDEXED(not indexed),KotlinTopLevelClassLikeDeclarationByPackageShortNameIndex->NOT_INDEXED(not indexed),filetypes->NOT_INDEXED(not indexed),Stubs->NOT_INDEXED(not indexed),]. Scanner has updated file AllOf.class (id=91114) with appliers: [SingleIndexValueApplier{indexId=filetypes, inputId=91114, fileInfo='AllOf.class(id=91114)'}] and removers: []; 
2026-06-10 09:23:40,113 [  32655]   INFO - #c.i.u.i.IndexingReasonExplanationLogger - Scheduling indexing of LogFactory.class (id=91091) by request of indexes: [bytecodeAnalysis->NOT_INDEXED(not indexed),org.jetbrains.kotlin.idea.versions.KotlinJvmMetadataVersionIndex->NOT_INDEXED(not indexed),org.jetbrains.kotlin.idea.vfilefinder.KotlinClassFileIndex->NOT_INDEXED(not indexed),org.jetbrains.kotlin.idea.vfilefinder.KotlinPartialPackageNamesIndex->NOT_INDEXED(not indexed),KotlinTopLevelCallableByPackageShortNameIndex->NOT_INDEXED(not indexed),KotlinBinaryRootToPackageIndex->NOT_INDEXED(not indexed),KotlinTopLevelClassLikeDeclarationByPackageShortNameIndex->NOT_INDEXED(not indexed),filetypes->NOT_INDEXED(not indexed),Stubs->NOT_INDEXED(not indexed),]. Scanner has updated file LogFactory.class (id=91091) with appliers: [SingleIndexValueApplier{indexId=filetypes, inputId=91091, fileInfo='LogFactory.class(id=91091)'}] and removers: []; 
2026-06-10 09:23:40,113 [  32655]   INFO - #c.i.u.i.IndexingReasonExplanationLogger - Scheduling indexing of AnyOf.class (id=91123) by request of indexes: [bytecodeAnalysis->NOT_INDEXED(not indexed),org.jetbrains.kotlin.idea.versions.KotlinJvmMetadataVersionIndex->NOT_INDEXED(not indexed),org.jetbrains.kotlin.idea.vfilefinder.KotlinClassFileIndex->NOT_INDEXED(not indexed),org.jetbrains.kotlin.idea.vfilefinder.KotlinPartialPackageNamesIndex->NOT_INDEXED(not indexed),KotlinTopLevelCallableByPackageShortNameIndex->NOT_INDEXED(not indexed),KotlinBinaryRootToPackageIndex->NOT_INDEXED(not indexed),KotlinTopLevelClassLikeDeclarationByPackageShortNameIndex->NOT_INDEXED(not indexed),filetypes->NOT_INDEXED(not indexed),Stubs->NOT_INDEXED(not indexed),]. Scanner has updated file AnyOf.class (id=91123) with appliers: [SingleIndexValueApplier{indexId=filetypes, inputId=91123, fileInfo='AnyOf.class(id=91123)'}] and removers: []; 
2026-06-10 09:23:40,113 [  32655]   INFO - #c.i.u.i.IndexingReasonExplanationLogger - Scheduling indexing of LogAdapter$1.class (id=91098) by request of indexes: [bytecodeAnalysis->NOT_INDEXED(not indexed),org.jetbrains.kotlin.idea.versions.KotlinJvmMetadataVersionIndex->NOT_INDEXED(not indexed),org.jetbrains.kotlin.idea.vfilefinder.KotlinClassFileIndex->NOT_INDEXED(not indexed),org.jetbrains.kotlin.idea.vfilefinder.KotlinPartialPackageNamesIndex->NOT_INDEXED(not indexed),KotlinTopLevelCallableByPackageShortNameIndex->NOT_INDEXED(not indexed),KotlinBinaryRootToPackageIndex->NOT_INDEXED(not indexed),KotlinTopLevelClassLikeDeclarationByPackageShortNameIndex->NOT_INDEXED(not indexed),filetypes->NOT_INDEXED(not indexed),Stubs->NOT_INDEXED(not indexed),]. Scanner has updated file LogAdapter$1.class (id=91098) with appliers: [SingleIndexValueApplier{indexId=filetypes, inputId=91098, fileInfo='LogAdapter$1.class(id=91098)'}] and removers: []; 
2026-06-10 09:23:40,113 [  32655]   INFO - #c.i.u.i.IndexingReasonExplanationLogger - Scheduling indexing of Every.class (id=91126) by request of indexes: [bytecodeAnalysis->NOT_INDEXED(not indexed),org.jetbrains.kotlin.idea.versions.KotlinJvmMetadataVersionIndex->NOT_INDEXED(not indexed),org.jetbrains.kotlin.idea.vfilefinder.KotlinClassFileIndex->NOT_INDEXED(not indexed),org.jetbrains.kotlin.idea.vfilefinder.KotlinPartialPackageNamesIndex->NOT_INDEXED(not indexed),KotlinTopLevelCallableByPackageShortNameIndex->NOT_INDEXED(not indexed),KotlinBinaryRootToPackageIndex->NOT_INDEXED(not indexed),KotlinTopLevelClassLikeDeclarationByPackageShortNameIndex->NOT_INDEXED(not indexed),filetypes->NOT_INDEXED(not indexed),Stubs->NOT_INDEXED(not indexed),]. Scanner has updated file Every.class (id=91126) with appliers: [SingleIndexValueApplier{indexId=filetypes, inputId=91126, fileInfo='Every.class(id=91126)'}] and removers: []; 
2026-06-10 09:23:40,120 [  32662]   INFO - #c.i.u.i.IndexingReasonExplanationLogger - Scanner has updated file logo.gif (id=91922) with appliers: [SingleIndexValueApplier{indexId=filetypes, inputId=91922, fileInfo='logo.gif(id=91922)'}] and removers: []; 
2026-06-10 09:23:40,121 [  32663]   INFO - #c.i.u.i.IndexingReasonExplanationLogger - Scanner has updated file smalllogo.gif (id=91918) with appliers: [SingleIndexValueApplier{indexId=filetypes, inputId=91918, fileInfo='smalllogo.gif(id=91918)'}] and removers: []; 
2026-06-10 09:23:40,132 [  32674]   INFO - #c.i.u.i.UnindexedFilesScanner - [15375f63] Scanning completed for [project]. Number of scanned files: 1409; number of files for indexing: 1403
2026-06-10 09:23:40,134 [  32676]   INFO - #c.i.o.p.UnindexedFilesScannerExecutor - [15375f63] Task finished (scanning id=2): com.intellij.util.indexing.UnindexedFilesScannerExecutorImpl$ScheduledScanningTask@25d1392
2026-06-10 09:23:40,134 [  32676]   INFO - #c.i.u.i.FileBasedIndexImpl - Indexes are already loaded
2026-06-10 09:23:40,135 [  32677]   INFO - #c.i.u.i.c.IndexUpdateRunner - Using 16 workers for indexing and 4 for writing indexes
2026-06-10 09:23:40,279 [  32821]   INFO - #c.i.u.i.ProjectChangedFilesScanner - Retrieving changed during indexing files of project : 4 to update, calculated in 5ms
2026-06-10 09:23:40,296 [  32838]   INFO - #c.i.u.i.UnindexedFilesIndexer - Finished for project. Unindexed files update took 162ms; general responsiveness: ok; EDT responsiveness: ok
2026-06-10 09:23:40,297 [  32839]   INFO - #c.i.o.p.MergingQueueGuiExecutor - Task finished: (dumb mode task) UnindexedFilesIndexer[project, reasons: [Changes from WorkspaceFileIndex (2 iterators)]]
2026-06-10 09:23:40,297 [  32839]   INFO - #c.i.o.p.MergingQueueGuiExecutor - Running task: (dumb mode task) com.intellij.openapi.roots.impl.PushedFilePropertiesUpdaterImpl$MyDumbModeTask@79298d3a (reason: Push on VFS changes)
2026-06-10 09:23:40,302 [  32844]   INFO - #c.i.o.p.MergingQueueGuiExecutor - Task finished: (dumb mode task) com.intellij.openapi.roots.impl.PushedFilePropertiesUpdaterImpl$MyDumbModeTask@79298d3a (reason: Push on VFS changes)
2026-06-10 09:23:40,302 [  32844]   INFO - #c.i.o.p.MergingQueueGuiExecutor - Running task: (dumb mode task) UnindexedFilesIndexer[project, reasons: [Merged Changes from WorkspaceFileIndex (1 iterators) with Changes from WorkspaceFileIndex (4 iterators) with Changes from WorkspaceFileIndex (4 iterators)]]
2026-06-10 09:23:40,302 [  32844]   INFO - #c.i.u.i.FileBasedIndexImpl - Indexes are already loaded
2026-06-10 09:23:40,303 [  32845]   INFO - #c.i.u.i.c.IndexUpdateRunner - Using 16 workers for indexing and 4 for writing indexes
2026-06-10 09:23:40,303 [  32845]   INFO - #c.i.u.i.ProjectChangedFilesScanner - Retrieving changed during indexing files of project : 0 to update, calculated in 0ms
2026-06-10 09:23:40,303 [  32845]   INFO - #c.i.u.i.UnindexedFilesIndexer - Finished for project. Unindexed files update took 0ms; general responsiveness: ok; EDT responsiveness: ok
2026-06-10 09:23:40,303 [  32845]   INFO - #c.i.o.p.MergingQueueGuiExecutor - Task finished: (dumb mode task) UnindexedFilesIndexer[project, reasons: [Merged Changes from WorkspaceFileIndex (1 iterators) with Changes from WorkspaceFileIndex (4 iterators) with Changes from WorkspaceFileIndex (4 iterators)]]
2026-06-10 09:23:40,304 [  32846]   INFO - STDOUT - 'dumb-mode' is completed.
2026-06-10 09:23:40,305 [  32847]   INFO - STDOUT - 'Maven' is in progress...
2026-06-10 09:23:40,305 [  32847]   INFO - #c.i.o.p.DumbServiceImpl - exit dumb mode [project]
2026-06-10 09:23:40,346 [  32888]   INFO - #c.i.i.b.BookmarksManager - no state loaded for new bookmarks
2026-06-10 09:23:40,347 [  32889]   INFO - #c.i.i.b.BookmarkManager - no state loaded for old bookmarks
2026-06-10 09:23:40,350 [  32892]   INFO - #c.i.i.f.FavoritesManager - no state loaded for old favorites
2026-06-10 09:23:40,360 [  32902]   INFO - #o.j.k.i.script - [KOTLIN_SCRIPTING] processing definitions provider org.jetbrains.kotlin.idea.core.script.k2.definitions.DefinitionFromDependenciesProvider
2026-06-10 09:23:51,709 [  44251]   INFO - #o.j.q.s.i.r.ConsoleLog - Keep running Project opening ... so far 29s
2026-06-10 09:23:51,710 [  44252]   INFO - STDOUT - Keep running Project opening ... so far 29s
2026-06-10 09:24:21,711 [  74253]   INFO - #o.j.q.s.i.r.ConsoleLog - Keep running Project opening ... so far 59s
2026-06-10 09:24:21,712 [  74254]   INFO - STDOUT - Keep running Project opening ... so far 59s
2026-06-10 09:24:32,512 [  85054]   INFO - #c.i.u.g.s.GistStorageImpl - Cleaning old huge-gists dirs from [/data/cache/idea/262/caches/huge-gists] ...
2026-06-10 09:24:32,514 [  85056]   INFO - #c.i.u.g.s.GistStorageImpl - Cleaning old huge-gists dirs finished
2026-06-10 09:24:40,321 [  92863]   INFO - #c.i.o.u.i.ExternalUpdateManager - update manager: -
2026-06-10 09:24:40,327 [  92869]   INFO - #c.i.o.w.i.LinuxUiUtil - Cannot get icon theme: Cannot run program "gsettings": Exec failed, error: 2 (No such file or directory) 
2026-06-10 09:24:51,714 [ 104256]   INFO - #o.j.q.s.i.r.ConsoleLog - Keep running Project opening ... so far 1m 29s
2026-06-10 09:24:51,715 [ 104257]   INFO - STDOUT - Keep running Project opening ... so far 1m 29s
2026-06-10 09:25:09,287 [ 121829]   INFO - #o.j.i.maven - maven plugin resolution finished, unresolved: []
2026-06-10 09:25:09,357 [ 121899]   WARN - #o.j.i.maven - updateAllMavenProjects finished: incremental=false, MavenProjectsManager.onProjectStartup project
2026-06-10 09:25:09,357 [ 121899]   INFO - STDOUT - 'Maven' is completed.
2026-06-10 09:25:09,357 [ 121899]   INFO - STDOUT - 'Queries for MergingUpdateQueue' is in progress...
2026-06-10 09:25:09,664 [ 122206]   INFO - STDOUT - 'Queries for MergingUpdateQueue' is completed.
2026-06-10 09:25:09,673 [ 122215]   INFO - #c.i.w.i.i.j.s.JpsGlobalModelSynchronizerImpl - Saving global entities com.intellij.platform.workspace.jps.entities.SdkEntity to files
2026-06-10 09:25:09,686 [ 122228]   INFO - #c.i.w.i.i.j.s.JpsGlobalModelSynchronizerImpl - Saving global entities com.intellij.platform.workspace.jps.entities.LibraryEntity to files
2026-06-10 09:25:09,767 [ 122309]   INFO - #c.i.a.o.PathMacrosImpl - Saved path macros: {MAVEN_REPOSITORY=/data/cache/.m2}
2026-06-10 09:25:09,796 [ 122338]   INFO - #c.i.w.i.i.j.s.JpsGlobalModelSynchronizerImpl - Saving global entities com.intellij.platform.workspace.jps.entities.SdkEntity to files
2026-06-10 09:25:09,796 [ 122338]   INFO - #c.i.w.i.i.j.s.JpsGlobalModelSynchronizerImpl - Saving global entities com.intellij.platform.workspace.jps.entities.LibraryEntity to files
2026-06-10 09:25:09,802 [ 122344]   INFO - #c.i.a.o.PathMacrosImpl - Saved path macros: {MAVEN_REPOSITORY=/data/cache/.m2}
2026-06-10 09:25:09,864 [ 122406]   INFO - #c.i.o.p.DumbServiceImpl - enter dumb mode [project]
2026-06-10 09:25:09,864 [ 122406]   INFO - #c.i.o.p.MergingQueueGuiExecutor - Running task: (dumb mode task) com.intellij.openapi.roots.impl.PushedFilePropertiesUpdaterImpl$MyDumbModeTask@669a3e9a (reason: Push on VFS changes)
2026-06-10 09:25:09,866 [ 122408]   INFO - #c.i.o.p.MergingQueueGuiExecutor - Task finished: (dumb mode task) com.intellij.openapi.roots.impl.PushedFilePropertiesUpdaterImpl$MyDumbModeTask@669a3e9a (reason: Push on VFS changes)
2026-06-10 09:25:09,867 [ 122409]   INFO - #c.i.o.p.DumbServiceImpl - exit dumb mode [project]
2026-06-10 09:25:09,873 [ 122415]   INFO - STDOUT - Configuration phase 0 is completed. Initiating another phase to cover possible side effects...
2026-06-10 09:25:09,873 [ 122415]   INFO - STDOUT - All configuration phases are completed.
2026-06-10 09:25:09,873 [ 122415]   INFO - STDOUT - 'Queries for MergingUpdateQueue' is in progress...
2026-06-10 09:25:10,904 [ 123446]   INFO - STDOUT - 'Queries for MergingUpdateQueue' is completed.
2026-06-10 09:25:10,905 [ 123447]   INFO - #c.i.w.i.i.j.s.JpsGlobalModelSynchronizerImpl - Saving global entities com.intellij.platform.workspace.jps.entities.SdkEntity to files
2026-06-10 09:25:10,906 [ 123448]   INFO - #c.i.w.i.i.j.s.JpsGlobalModelSynchronizerImpl - Saving global entities com.intellij.platform.workspace.jps.entities.LibraryEntity to files
2026-06-10 09:25:10,952 [ 123494]   INFO - #c.i.a.o.PathMacrosImpl - Saved path macros: {MAVEN_REPOSITORY=/data/cache/.m2}
2026-06-10 09:25:10,967 [ 123509]   INFO - #c.i.w.i.i.j.s.JpsGlobalModelSynchronizerImpl - Saving global entities com.intellij.platform.workspace.jps.entities.SdkEntity to files
2026-06-10 09:25:10,968 [ 123510]   INFO - #c.i.w.i.i.j.s.JpsGlobalModelSynchronizerImpl - Saving global entities com.intellij.platform.workspace.jps.entities.LibraryEntity to files
2026-06-10 09:25:10,973 [ 123515]   INFO - #c.i.a.o.PathMacrosImpl - Saved path macros: {MAVEN_REPOSITORY=/data/cache/.m2}
2026-06-10 09:25:10,976 [ 123518]   INFO - STDOUT - Configuration phase 1 is completed. Initiating another phase to cover possible side effects...
2026-06-10 09:25:10,976 [ 123518]   INFO - STDOUT - All configuration phases are completed.
2026-06-10 09:25:10,976 [ 123518]   INFO - STDOUT - 'Queries for MergingUpdateQueue' is in progress...
2026-06-10 09:25:11,998 [ 124540]   INFO - STDOUT - 'Queries for MergingUpdateQueue' is completed.
2026-06-10 09:25:11,999 [ 124541]   INFO - #c.i.w.i.i.j.s.JpsGlobalModelSynchronizerImpl - Saving global entities com.intellij.platform.workspace.jps.entities.SdkEntity to files
2026-06-10 09:25:12,000 [ 124542]   INFO - #c.i.w.i.i.j.s.JpsGlobalModelSynchronizerImpl - Saving global entities com.intellij.platform.workspace.jps.entities.LibraryEntity to files
2026-06-10 09:25:12,043 [ 124585]   INFO - #c.i.a.o.PathMacrosImpl - Saved path macros: {MAVEN_REPOSITORY=/data/cache/.m2}
2026-06-10 09:25:12,059 [ 124601]   INFO - #c.i.w.i.i.j.s.JpsGlobalModelSynchronizerImpl - Saving global entities com.intellij.platform.workspace.jps.entities.SdkEntity to files
2026-06-10 09:25:12,060 [ 124602]   INFO - #c.i.w.i.i.j.s.JpsGlobalModelSynchronizerImpl - Saving global entities com.intellij.platform.workspace.jps.entities.LibraryEntity to files
2026-06-10 09:25:12,065 [ 124607]   INFO - #c.i.a.o.PathMacrosImpl - Saved path macros: {MAVEN_REPOSITORY=/data/cache/.m2}
2026-06-10 09:25:12,068 [ 124610]   INFO - STDOUT - Configuration phase 2 is completed. Initiating another phase to cover possible side effects...
2026-06-10 09:25:12,068 [ 124610]   INFO - STDOUT - All configuration phases are completed.
2026-06-10 09:25:12,102 [ 124644]   INFO - #o.j.q.s.i.r.ConsoleLog - The Project opening stage completed in 1m 50s
2026-06-10 09:25:12,102 [ 124644]   INFO - STDOUT - The Project opening stage completed in 1m 50s
2026-06-10 09:25:12,102 [ 124644]   INFO - STDOUT - done.
2026-06-10 09:25:12,135 [ 124677]   INFO - #c.i.o.p.DumbServiceImpl - enter dumb mode [project]
2026-06-10 09:25:12,135 [ 124677]   INFO - #o.j.q.s.i.r.ConsoleLog - Preparing for the Project configuration stage ...
2026-06-10 09:25:12,135 [ 124677]   INFO - STDOUT - Preparing for the Project configuration stage ...
2026-06-10 09:25:12,135 [ 124677]   INFO - STDOUT - 'Queries for MergingUpdateQueue' is in progress...
2026-06-10 09:25:12,135 [ 124677]   INFO - #c.i.o.p.MergingQueueGuiExecutor - Running task: (dumb mode task) com.intellij.openapi.roots.impl.PushedFilePropertiesUpdaterImpl$MyDumbModeTask@7520b2c4 (reason: Push on VFS changes)
2026-06-10 09:25:12,139 [ 124681]   INFO - #c.i.o.p.MergingQueueGuiExecutor - Task finished: (dumb mode task) com.intellij.openapi.roots.impl.PushedFilePropertiesUpdaterImpl$MyDumbModeTask@7520b2c4 (reason: Push on VFS changes)
2026-06-10 09:25:12,139 [ 124681]   INFO - #c.i.o.p.MergingQueueGuiExecutor - Running task: (dumb mode task) UnindexedFilesIndexer[project, reasons: [On refresh of files in project]]
2026-06-10 09:25:12,139 [ 124681]   INFO - #c.i.u.i.FileBasedIndexImpl - Indexes are already loaded
2026-06-10 09:25:12,139 [ 124681]   INFO - #c.i.u.i.c.IndexUpdateRunner - Using 16 workers for indexing and 4 for writing indexes
2026-06-10 09:25:12,139 [ 124681]   INFO - #c.i.u.i.ProjectChangedFilesScanner - Retrieving changed during indexing files of project : 17 to update, calculated in 0ms
2026-06-10 09:25:12,230 [ 124772]   INFO - #c.i.u.i.UnindexedFilesIndexer - Finished for project. Unindexed files update took 90ms; general responsiveness: ok; EDT responsiveness: ok
2026-06-10 09:25:12,230 [ 124772]   INFO - #c.i.o.p.MergingQueueGuiExecutor - Task finished: (dumb mode task) UnindexedFilesIndexer[project, reasons: [On refresh of files in project]]
2026-06-10 09:25:12,231 [ 124773]   INFO - #c.i.o.p.DumbServiceImpl - exit dumb mode [project]
2026-06-10 09:25:13,157 [ 125699]   INFO - STDOUT - 'Queries for MergingUpdateQueue' is completed.
2026-06-10 09:25:13,159 [ 125701]   INFO - #c.i.w.i.i.j.s.JpsGlobalModelSynchronizerImpl - Saving global entities com.intellij.platform.workspace.jps.entities.SdkEntity to files
2026-06-10 09:25:13,161 [ 125703]   INFO - #c.i.w.i.i.j.s.JpsGlobalModelSynchronizerImpl - Saving global entities com.intellij.platform.workspace.jps.entities.LibraryEntity to files
2026-06-10 09:25:13,205 [ 125747]   INFO - #c.i.a.o.PathMacrosImpl - Saved path macros: {MAVEN_REPOSITORY=/data/cache/.m2}
2026-06-10 09:25:13,219 [ 125761]   INFO - #c.i.w.i.i.j.s.JpsGlobalModelSynchronizerImpl - Saving global entities com.intellij.platform.workspace.jps.entities.SdkEntity to files
2026-06-10 09:25:13,219 [ 125761]   INFO - #c.i.w.i.i.j.s.JpsGlobalModelSynchronizerImpl - Saving global entities com.intellij.platform.workspace.jps.entities.LibraryEntity to files
2026-06-10 09:25:13,223 [ 125765]   INFO - #c.i.a.o.PathMacrosImpl - Saved path macros: {MAVEN_REPOSITORY=/data/cache/.m2}
2026-06-10 09:25:13,225 [ 125767]   INFO - STDOUT - Configuration phase 0 is completed. Initiating another phase to cover possible side effects...
2026-06-10 09:25:13,225 [ 125767]   INFO - STDOUT - All configuration phases are completed.
2026-06-10 09:25:13,225 [ 125767]   INFO - STDOUT - 'Queries for MergingUpdateQueue' is in progress...
2026-06-10 09:25:14,250 [ 126792]   INFO - STDOUT - 'Queries for MergingUpdateQueue' is completed.
2026-06-10 09:25:14,251 [ 126793]   INFO - #c.i.w.i.i.j.s.JpsGlobalModelSynchronizerImpl - Saving global entities com.intellij.platform.workspace.jps.entities.SdkEntity to files
2026-06-10 09:25:14,252 [ 126794]   INFO - #c.i.w.i.i.j.s.JpsGlobalModelSynchronizerImpl - Saving global entities com.intellij.platform.workspace.jps.entities.LibraryEntity to files
2026-06-10 09:25:14,297 [ 126839]   INFO - #c.i.a.o.PathMacrosImpl - Saved path macros: {MAVEN_REPOSITORY=/data/cache/.m2}
2026-06-10 09:25:14,315 [ 126857]   INFO - #c.i.w.i.i.j.s.JpsGlobalModelSynchronizerImpl - Saving global entities com.intellij.platform.workspace.jps.entities.SdkEntity to files
2026-06-10 09:25:14,315 [ 126857]   INFO - #c.i.w.i.i.j.s.JpsGlobalModelSynchronizerImpl - Saving global entities com.intellij.platform.workspace.jps.entities.LibraryEntity to files
2026-06-10 09:25:14,319 [ 126861]   INFO - #c.i.a.o.PathMacrosImpl - Saved path macros: {MAVEN_REPOSITORY=/data/cache/.m2}
2026-06-10 09:25:14,322 [ 126864]   INFO - STDOUT - Configuration phase 1 is completed. Initiating another phase to cover possible side effects...
2026-06-10 09:25:14,322 [ 126864]   INFO - STDOUT - All configuration phases are completed.
2026-06-10 09:25:14,323 [ 126865]   INFO - STDOUT - 'Queries for MergingUpdateQueue' is in progress...
2026-06-10 09:25:15,345 [ 127887]   INFO - STDOUT - 'Queries for MergingUpdateQueue' is completed.
2026-06-10 09:25:15,346 [ 127888]   INFO - #c.i.w.i.i.j.s.JpsGlobalModelSynchronizerImpl - Saving global entities com.intellij.platform.workspace.jps.entities.SdkEntity to files
2026-06-10 09:25:15,346 [ 127888]   INFO - #c.i.w.i.i.j.s.JpsGlobalModelSynchronizerImpl - Saving global entities com.intellij.platform.workspace.jps.entities.LibraryEntity to files
2026-06-10 09:25:15,388 [ 127930]   INFO - #c.i.a.o.PathMacrosImpl - Saved path macros: {MAVEN_REPOSITORY=/data/cache/.m2}
2026-06-10 09:25:15,403 [ 127945]   INFO - #c.i.w.i.i.j.s.JpsGlobalModelSynchronizerImpl - Saving global entities com.intellij.platform.workspace.jps.entities.SdkEntity to files
2026-06-10 09:25:15,404 [ 127946]   INFO - #c.i.w.i.i.j.s.JpsGlobalModelSynchronizerImpl - Saving global entities com.intellij.platform.workspace.jps.entities.LibraryEntity to files
2026-06-10 09:25:15,408 [ 127950]   INFO - #c.i.a.o.PathMacrosImpl - Saved path macros: {MAVEN_REPOSITORY=/data/cache/.m2}
2026-06-10 09:25:15,410 [ 127952]   INFO - STDOUT - Configuration phase 2 is completed. Initiating another phase to cover possible side effects...
2026-06-10 09:25:15,410 [ 127952]   INFO - STDOUT - All configuration phases are completed.
2026-06-10 09:25:15,424 [ 127966]   INFO - #o.j.q.s.i.r.s.QodanaProjectLoader - Project configured
2026-06-10 09:25:15,425 [ 127967]   INFO - #o.j.q.s.w.QodanaWorkflowExtension - Running configureForQodana Qodana workflow layer: QodanaConfigureNotificationCollector, QodanaSetUserMavenSettings, QodanaRecoverGradleJdks, QodanaDisableHtmlInJsInjections
2026-06-10 09:25:15,453 [ 127995]   INFO - #o.j.q.s.w.QodanaWorkflowExtension - Running configureForQodana Qodana workflow layer: QodanaReimportMavenProjects, QodanaRefreshProjectJdkTable
2026-06-10 09:25:15,460 [ 128002]   INFO - #c.i.o.p.UnindexedFilesScannerExecutor - [15375f63] Running task: com.intellij.util.indexing.UnindexedFilesScannerExecutorImpl$ScheduledScanningTask@516a9d19
2026-06-10 09:25:15,460 [ 128002]   INFO - #c.i.w.i.i.EntitiesOrphanageImpl - Update orphanage. 0 modules added
2026-06-10 09:25:15,461 [ 128003]   INFO - #c.i.w.i.i.WorkspaceModelImpl - Project model for project project (locationHash=15375f63) updated to version 10 in 4 ms: Sync global entities with project: project
2026-06-10 09:25:15,461 [ 128003]   INFO - #c.i.w.i.i.GlobalWorkspaceModel - During global workspace model update the changes were also applied to project: project
2026-06-10 09:25:15,461 [ 128003]   INFO - #c.i.w.i.i.GlobalWorkspaceModel - Global model updated to version 3 in 6 ms: Modifying SDK SdkId(name=openjdk-26, type=JavaSDK)
2026-06-10 09:25:15,461 [ 128003]   INFO - STDOUT - 'Queries for MergingUpdateQueue' is in progress...
2026-06-10 09:25:15,462 [ 128004]   INFO - #c.i.u.i.UnindexedFilesScanner - [15375f63] scanning stage (scanning id=3): DelayedPushProperties
2026-06-10 09:25:15,463 [ 128005]   INFO - #c.i.u.i.FileBasedIndexImpl - Indexes are already loaded
2026-06-10 09:25:15,463 [ 128005]   INFO - #c.i.u.i.UnindexedFilesScanner - [15375f63] Started scanning for indexing of [project]. Reason: Changes from WorkspaceFileIndex (136 iterators)
2026-06-10 09:25:15,463 [ 128005]   INFO - #c.i.u.i.UnindexedFilesScanner - [15375f63] scanning stage (scanning id=3): CreatingIterators
2026-06-10 09:25:15,463 [ 128005]   INFO - #c.i.u.i.UnindexedFilesScanner - [15375f63] scanning stage (scanning id=3): CollectingIndexableFiles
2026-06-10 09:25:15,463 [ 128005]   INFO - #c.i.u.i.UnindexedFilesScanner - Scanning of [project] uses 16 scanning threads
2026-06-10 09:25:15,638 [ 128180]   INFO - #c.i.u.i.UnindexedFilesScanner - [15375f63] Scanning completed for [project]. Number of scanned files: 43388; number of files for indexing: 0
2026-06-10 09:25:15,639 [ 128181]   INFO - #c.i.u.i.PerProjectIndexingQueue - Finished for [project]. No files to index with loading content.
2026-06-10 09:25:15,639 [ 128181]   INFO - #c.i.o.p.UnindexedFilesScannerExecutor - [15375f63] Task finished (scanning id=3): com.intellij.util.indexing.UnindexedFilesScannerExecutorImpl$ScheduledScanningTask@516a9d19
2026-06-10 09:25:16,487 [ 129029]   INFO - STDOUT - 'Queries for MergingUpdateQueue' is completed.
2026-06-10 09:25:16,488 [ 129030]   INFO - #c.i.w.i.i.j.s.JpsGlobalModelSynchronizerImpl - Saving global entities com.intellij.platform.workspace.jps.entities.SdkEntity to files
2026-06-10 09:25:16,488 [ 129030]   INFO - #c.i.w.i.i.j.s.JpsGlobalModelSynchronizerImpl - Saving global entities com.intellij.platform.workspace.jps.entities.LibraryEntity to files
2026-06-10 09:25:16,531 [ 129073]   INFO - #c.i.a.o.PathMacrosImpl - Saved path macros: {MAVEN_REPOSITORY=/data/cache/.m2}
2026-06-10 09:25:16,547 [ 129089]   INFO - #c.i.w.i.i.j.s.JpsGlobalModelSynchronizerImpl - Saving global entities com.intellij.platform.workspace.jps.entities.SdkEntity to files
2026-06-10 09:25:16,548 [ 129090]   INFO - #c.i.w.i.i.j.s.JpsGlobalModelSynchronizerImpl - Saving global entities com.intellij.platform.workspace.jps.entities.LibraryEntity to files
2026-06-10 09:25:16,551 [ 129093]   INFO - #c.i.a.o.PathMacrosImpl - Saved path macros: {MAVEN_REPOSITORY=/data/cache/.m2}
2026-06-10 09:25:16,553 [ 129095]   INFO - STDOUT - Configuration phase 0 is completed. Initiating another phase to cover possible side effects...
2026-06-10 09:25:16,553 [ 129095]   INFO - STDOUT - All configuration phases are completed.
2026-06-10 09:25:16,553 [ 129095]   INFO - STDOUT - 'Queries for MergingUpdateQueue' is in progress...
2026-06-10 09:25:17,597 [ 130139]   INFO - STDOUT - 'Queries for MergingUpdateQueue' is completed.
2026-06-10 09:25:17,600 [ 130142]   INFO - #c.i.w.i.i.j.s.JpsGlobalModelSynchronizerImpl - Saving global entities com.intellij.platform.workspace.jps.entities.SdkEntity to files
2026-06-10 09:25:17,601 [ 130143]   INFO - #c.i.w.i.i.j.s.JpsGlobalModelSynchronizerImpl - Saving global entities com.intellij.platform.workspace.jps.entities.LibraryEntity to files
2026-06-10 09:25:17,645 [ 130187]   INFO - #c.i.a.o.PathMacrosImpl - Saved path macros: {MAVEN_REPOSITORY=/data/cache/.m2}
2026-06-10 09:25:17,664 [ 130206]   INFO - #c.i.w.i.i.j.s.JpsGlobalModelSynchronizerImpl - Saving global entities com.intellij.platform.workspace.jps.entities.SdkEntity to files
2026-06-10 09:25:17,666 [ 130208]   INFO - #c.i.w.i.i.j.s.JpsGlobalModelSynchronizerImpl - Saving global entities com.intellij.platform.workspace.jps.entities.LibraryEntity to files
2026-06-10 09:25:17,669 [ 130211]   INFO - #c.i.a.o.PathMacrosImpl - Saved path macros: {MAVEN_REPOSITORY=/data/cache/.m2}
2026-06-10 09:25:17,671 [ 130213]   INFO - STDOUT - Configuration phase 1 is completed. Initiating another phase to cover possible side effects...
2026-06-10 09:25:17,671 [ 130213]   INFO - STDOUT - All configuration phases are completed.
2026-06-10 09:25:17,671 [ 130213]   INFO - STDOUT - 'Queries for MergingUpdateQueue' is in progress...
2026-06-10 09:25:18,697 [ 131239]   INFO - STDOUT - 'Queries for MergingUpdateQueue' is completed.
2026-06-10 09:25:18,698 [ 131240]   INFO - #c.i.w.i.i.j.s.JpsGlobalModelSynchronizerImpl - Saving global entities com.intellij.platform.workspace.jps.entities.SdkEntity to files
2026-06-10 09:25:18,698 [ 131240]   INFO - #c.i.w.i.i.j.s.JpsGlobalModelSynchronizerImpl - Saving global entities com.intellij.platform.workspace.jps.entities.LibraryEntity to files
2026-06-10 09:25:18,740 [ 131282]   INFO - #c.i.a.o.PathMacrosImpl - Saved path macros: {MAVEN_REPOSITORY=/data/cache/.m2}
2026-06-10 09:25:18,755 [ 131297]   INFO - #c.i.w.i.i.j.s.JpsGlobalModelSynchronizerImpl - Saving global entities com.intellij.platform.workspace.jps.entities.SdkEntity to files
2026-06-10 09:25:18,755 [ 131297]   INFO - #c.i.w.i.i.j.s.JpsGlobalModelSynchronizerImpl - Saving global entities com.intellij.platform.workspace.jps.entities.LibraryEntity to files
2026-06-10 09:25:18,758 [ 131300]   INFO - #c.i.a.o.PathMacrosImpl - Saved path macros: {MAVEN_REPOSITORY=/data/cache/.m2}
2026-06-10 09:25:18,760 [ 131302]   INFO - STDOUT - Configuration phase 2 is completed. Initiating another phase to cover possible side effects...
2026-06-10 09:25:18,760 [ 131302]   INFO - STDOUT - All configuration phases are completed.
2026-06-10 09:25:18,770 [ 131312]   INFO - #o.j.q.s.i.r.s.QodanaProjectLoader - Qodana configurations applied
2026-06-10 09:25:18,770 [ 131312]   INFO - #o.j.q.s.w.QodanaWorkflowExtension - Running afterConfiguration Qodana workflow layer: QodanaCheckJvmProjectStructure, QodanaSendGitCommitsSummaryToFus
2026-06-10 09:25:18,786 [ 131328]   INFO - #o.j.q.s.i.r.ConsoleLog - The Project configuration stage completed in 6s
2026-06-10 09:25:18,786 [ 131328]   INFO - STDOUT - The Project configuration stage completed in 6s
2026-06-10 09:25:19,550 [ 132092]   INFO - STDOUT - Initializing project…Inspecting with the 'qodana.recommended' profile
2026-06-10 09:25:19,586 [ 132128]   INFO - #o.j.q.s.p.QodanaProfile - The 'qodana.sanity' profile is configured for sanity checks
2026-06-10 09:25:20,317 [ 132859]   INFO - #o.j.q.s.i.r.ConsoleLog - Preparing for the Project analysis stage ...
2026-06-10 09:25:20,319 [ 132861]   INFO - STDOUT - Preparing for the Project analysis stage ...
2026-06-10 09:25:20,351 [ 132893]   INFO - #c.i.a.AnalysisScope - Scanning scope took 5 ms
2026-06-10 09:25:20,357 [ 132899]   INFO - #c.i.c.e.GlobalJavaInspectionContextImpl - Processing external usages finished in 0 ms
2026-06-10 09:25:20,446 [ 132988]   INFO - STDOUT - Analyzing code 3%
2026-06-10 09:25:20,446 [ 132988]   INFO - STDOUT - Analyzing code 6%
2026-06-10 09:25:20,447 [ 132989]   INFO - STDOUT - Analyzing code 3%
2026-06-10 09:25:20,447 [ 132989]   INFO - STDOUT - Analyzing code 7%
2026-06-10 09:25:20,447 [ 132989]   INFO - STDOUT - Analyzing code 3%
2026-06-10 09:25:20,447 [ 132989]   INFO - STDOUT - Analyzing code 4%
2026-06-10 09:25:20,463 [ 133005]   INFO - STDOUT - Analyzing code 9%
2026-06-10 09:25:20,463 [ 133005]   INFO - STDOUT - Analyzing code 11%
2026-06-10 09:25:20,471 [ 133013]   INFO - STDOUT - Analyzing code 12%
2026-06-10 09:25:20,471 [ 133013]   INFO - STDOUT - Analyzing code 14%
2026-06-10 09:25:20,474 [ 133016]   INFO - STDOUT - Analyzing code 15%
2026-06-10 09:25:20,545 [ 133087]   INFO - STDOUT - Analyzing code 17%
2026-06-10 09:25:20,555 [ 133097]   INFO - STDOUT - Analyzing code 19%
2026-06-10 09:25:20,558 [ 133100]   INFO - #c.i.x.Html5SchemaProvider - HTML5_SCHEMA_LOCATION = /opt/idea/lib/intellij.relaxng.jar!/resources/html5-schema/html5.rnc
2026-06-10 09:25:20,571 [ 133113]   INFO - STDOUT - Analyzing code 20%
2026-06-10 09:25:20,579 [ 133121]   INFO - STDOUT - Analyzing code 22%
2026-06-10 09:25:20,654 [ 133196]   INFO - STDOUT - Analyzing code 23%
2026-06-10 09:25:20,656 [ 133198]   INFO - STDOUT - Analyzing code 25%
2026-06-10 09:25:20,662 [ 133204]   INFO - STDOUT - Analyzing code 26%
2026-06-10 09:25:20,667 [ 133209]   INFO - STDOUT - Analyzing code 28%
2026-06-10 09:25:20,672 [ 133214]   INFO - STDOUT - Analyzing code 30%
2026-06-10 09:25:20,673 [ 133215]   INFO - STDOUT - Analyzing code 31%
2026-06-10 09:25:20,675 [ 133217]   INFO - STDOUT - Analyzing code 33%
2026-06-10 09:25:20,676 [ 133218]   INFO - STDOUT - Analyzing code 34%
2026-06-10 09:25:20,677 [ 133219]   INFO - STDOUT - Analyzing code 36%
2026-06-10 09:25:20,688 [ 133230]   INFO - STDOUT - Analyzing code 38%
2026-06-10 09:25:20,720 [ 133262]   INFO - STDOUT - Analyzing code 39%
2026-06-10 09:25:20,739 [ 133281]   INFO - STDOUT - Analyzing code 41%
2026-06-10 09:25:20,742 [ 133284]   INFO - STDOUT - Analyzing code 42%
2026-06-10 09:25:20,752 [ 133294]   INFO - STDOUT - Analyzing code 44%
2026-06-10 09:25:20,809 [ 133351]   INFO - #o.j.q.s.i.r.AsyncInspectionToolResultWriter - Async result writer started
2026-06-10 09:25:20,837 [ 133379]   INFO - STDOUT - Analyzing code 46%
2026-06-10 09:25:20,837 [ 133379]   INFO - STDOUT - Analyzing code 47%
2026-06-10 09:25:20,838 [ 133380]   INFO - STDOUT - Analyzing code 49%
2026-06-10 09:25:20,838 [ 133380]   INFO - STDOUT - Analyzing code 50%
2026-06-10 09:25:20,927 [ 133469]   INFO - STDOUT - Analyzing code 52%
2026-06-10 09:25:21,077 [ 133619]   INFO - STDOUT - Analyzing code 53%
2026-06-10 09:25:21,163 [ 133705]   INFO - STDOUT - Analyzing code 55%
2026-06-10 09:25:21,197 [ 133739]   INFO - STDOUT - Analyzing code 57%
2026-06-10 09:25:21,207 [ 133749]   INFO - STDOUT - Analyzing code 58%
2026-06-10 09:25:21,611 [ 134153]   INFO - #o.j.q.s.i.r.ConsoleLog - The Project analysis stage completed in 1s
2026-06-10 09:25:21,611 [ 134153]   INFO - STDOUT - The Project analysis stage completed in 1s
2026-06-10 09:25:21,636 [ 134178]   INFO - #o.j.q.s.s.n.RuntimeNotificationCollector$NotificationReportContributor - No tool errors to report to sarif file
2026-06-10 09:25:21,637 [ 134179]   WARN - #o.j.q.s.s.GitReportContributor - Unable to find the remote url, please set the environment variable QODANA_REMOTE_URL
2026-06-10 09:25:21,638 [ 134180]   WARN - #o.j.q.s.s.GitReportContributor - Unable to parse the repository url, please set the environment variable QODANA_REPO_URL, should start with https://
2026-06-10 09:25:21,649 [ 134191]   INFO - #o.j.q.s.w.QodanaWorkflowExtension - Running beforeProjectClose Qodana workflow layer: InspectionStatisticsLogger
2026-06-10 09:25:21,689 [ 134231]   INFO - #c.i.p.p.ProjectEntitiesStorage - Project ProjectId#j530hhls9saotr159ibn is disposed, removing entity
2026-06-10 09:25:21,695 [ 134237]   INFO - #c.i.w.i.i.GlobalWorkspaceModel - Project project is removed from the list of initializing and open projects. Project is being disposed.
2026-06-10 09:25:21,710 [ 134252]   INFO - #c.i.c.b.CompilerReferenceServiceBase - backward reference index reader is closed (didn't exist)
2026-06-10 09:25:21,712 [ 134254]   INFO - #c.i.e.r.RemoteProcessSupport - Terminating: 127.0.0.1:9795/Maven36ServerImplde204e66
2026-06-10 09:25:21,712 [ 134254]   INFO - #c.i.e.r.RemoteProcessSupport - Remote process will terminate: null message = null
2026-06-10 09:25:21,725 [ 134267]   INFO - STDOUT - 
2026-06-10 09:25:21,726 [ 134268]   INFO - STDOUT - Qodana - Detailed summary
2026-06-10 09:25:21,726 [ 134268]   INFO - STDOUT - Analysis results: 12 problems detected
2026-06-10 09:25:21,726 [ 134268]   INFO - STDOUT - By severity: High - 11, Moderate - 1
2026-06-10 09:25:21,726 [ 134268]   INFO - STDOUT - ----------------------------------------------------------------------------
2026-06-10 09:25:21,726 [ 134268]   INFO - STDOUT - Name                                                Severity  Problems count
2026-06-10 09:25:21,726 [ 134268]   INFO - STDOUT - ----------------------------------------------------------------------------
2026-06-10 09:25:21,726 [ 134268]   INFO - STDOUT - Unused import                                           High              11
2026-06-10 09:25:21,726 [ 134268]   INFO - STDOUT - Commented out code                                  Moderate               1
2026-06-10 09:25:21,726 [ 134268]   INFO - STDOUT - ----------------------------------------------------------------------------
2026-06-10 09:25:21,726 [ 134268]   INFO - STDOUT - 
2026-06-10 09:25:21,726 [ 134268]   INFO - STDOUT - 
2026-06-10 09:25:21,780 [ 134322]   INFO - #o.j.q.s.i.r.QodanaInspectionApplication - sessionId: 26061009-8d5097fec344
2026-06-10 09:25:21,784 [ 134326]   INFO - #c.i.w.i.i.j.s.JpsGlobalModelSynchronizerImpl - Saving global entities com.intellij.platform.workspace.jps.entities.SdkEntity to files
2026-06-10 09:25:21,784 [ 134326]   INFO - #c.i.w.i.i.j.s.JpsGlobalModelSynchronizerImpl - Saving global entities com.intellij.platform.workspace.jps.entities.LibraryEntity to files
2026-06-10 09:25:21,787 [ 134329]   INFO - #c.i.a.o.PathMacrosImpl - Saved path macros: {MAVEN_REPOSITORY=/data/cache/.m2}
2026-06-10 09:25:21,797 [ 134339]   INFO - #c.i.i.s.e.u.EventLogExternalUploader - Statistics. Started external process for uploading event log
2026-06-10 09:25:21,804 [ 134346]   INFO - #c.i.o.f.i.FileTypeDetectionService - 481 auto-detected files. Detection took 94 ms
2026-06-10 09:25:21,807 [ 134349]   INFO - #o.j.i.BuiltInServer - web server stopped
2026-06-10 09:25:21,808 [ 134350]   INFO - #c.i.u.i.FileBasedIndexImpl - Index dispose started
2026-06-10 09:25:21,824 [ 134366]   INFO - #c.i.p.s.StubIndexImpl - StubIndexExtension-s were unloaded
2026-06-10 09:25:21,824 [ 134366]   INFO - #c.i.p.s.SerializationManagerImpl - Start shutting down /data/cache/idea/262/index/rep.names
2026-06-10 09:25:21,825 [ 134367]   INFO - #c.i.p.s.SerializationManagerImpl - Finished shutting down /data/cache/idea/262/index/rep.names
2026-06-10 09:25:21,825 [ 134367]   INFO - #c.i.u.i.FileBasedIndexImpl - Index dispose completed in 16ms.
2026-06-10 09:25:21,828 [ 134370]   INFO - #c.i.o.v.n.p.PersistentFSImpl - VFS disconnect started
2026-06-10 09:25:21,829 [ 134371]   INFO - #c.i.o.v.n.p.FSRecordsImpl - VFS closing
2026-06-10 09:25:21,829 [ 134371]   INFO - #c.i.o.v.n.p.PersistentFSImpl - VFS disconnect completed in 0 ms.
2026-06-10 09:25:21,841 [ 134383]   INFO - #c.i.p.i.b.AppStarter - ------------------------------------------------------ IDE SHUTDOWN ------------------------------------------------------
2026-06-10 09:29:48,581 [     15]   INFO - #c.i.p.i.b.AppStarter - ------------------------------------------------------ IDE STARTED ------------------------------------------------------
2026-06-10 09:29:48,584 [     18]   INFO - #c.i.p.i.b.AppStarter - loading shell environment is turned off
2026-06-10 09:29:48,584 [     18]   INFO - #c.i.p.i.b.AppStarter - Will skip the config import to directory "/root/.config/idea" (exists = true). Current entries: "ide.vmoptions", "options".
2026-06-10 09:29:48,591 [     25]   INFO - #c.i.p.i.b.AppStarter - JNA library (64-bit) loaded in 8 ms
2026-06-10 09:29:48,599 [     33]   INFO - #c.i.p.i.b.AppStarter - IDE: Qodana for JVM (build #QDJVM-262.7671, Wed, 10 Jun 2026 09:29:48 GMT)
2026-06-10 09:29:48,599 [     33]   INFO - #c.i.p.i.b.AppStarter - OS: Linux (6.12.76-linuxkit)
2026-06-10 09:29:48,599 [     33]   INFO - #c.i.p.i.b.AppStarter - JRE: 25.0.3+9-b508.4, aarch64 (JetBrains s.r.o.)
2026-06-10 09:29:48,599 [     33]   INFO - #c.i.p.i.b.AppStarter - JVM: 25.0.3+9-b508.4 (OpenJDK 64-Bit Server VM)
2026-06-10 09:29:48,599 [     33]   INFO - #c.i.p.i.b.AppStarter - PID: 55
2026-06-10 09:29:48,599 [     33]   INFO - #c.i.p.i.b.AppStarter - Timezone: GMT (Z)
2026-06-10 09:29:48,600 [     34]   INFO - #c.i.p.i.b.AppStarter - desktop: null
2026-06-10 09:29:48,600 [     34]   INFO - #c.i.p.i.b.AppStarter - toolkit: sun.awt.HeadlessToolkit
2026-06-10 09:29:48,607 [     41]   INFO - #c.i.p.i.b.AppStarter - JVM options: [abort, vfprintf, -XX:ErrorFile=/root/java_error_in_idea_%p.log, -XX:HeapDumpPath=/root/java_error_in_idea.hprof, -Xms128m, -XX:JbrShrinkingGcMaxHeapFreeRatio=40, -XX:ReservedCodeCacheSize=512m, -XX:+HeapDumpOnOutOfMemoryError, -XX:-OmitStackTraceInFastThrow, -XX:CICompilerCount=2, -XX:+IgnoreUnrecognizedVMOptions, -XX:+UnlockDiagnosticVMOptions, -XX:TieredOldPercentage=100000, -XX:+UseCompactObjectHeaders, --sun-misc-unsafe-memory-access=allow, -XX:MaxJavaStackTraceDepth=10000, -ea, -Dsun.io.useCanonCaches=false, -Dsun.java2d.metal=true, -Djbr.catch.SIGABRT=true, -Djdk.http.auth.tunneling.disabledSchemes="", -Djdk.attach.allowAttachSelf=true, -Djdk.module.illegalAccess.silent=true, -Djdk.nio.maxCachedBufferSize=2097152, -Djava.util.zip.use.nio.for.zip.file.access=true, -Dkotlinx.coroutines.debug=off, -Dskiko.rendering.useScreenMenuBar=false, -Djava.nio.file.spi.DefaultFileSystemProvider=com.intellij.platform.core.nio.fs.MultiRoutingFileSystemProvider, -Dintellij.plugins.custom.built.in.repository.url=https://buildserver.labs.intellij.net/guestAuth/repository/download/ijplatform_master_IdeaInstallersBuild/969656892:id/IU-plugins/plugins.xml,https://buildserver.labs.intellij.net/guestAuth/repository/download/ijplatform_master_IdeaInstallersBuild/969656892:id/IU-plugins/auto-uploading/plugins.xml, -Dsun.tools.attach.tmp.only=true, -Dawt.lock.fair=true, -Dawt.toolkit.name=auto, -Ddisabled.plugins.file.path=/opt/idea/disabled_plugins.txt, -Didea.config.path=/root/.config/idea, -Didea.headless.enable.statistics=true, -Didea.headless.statistics.device.id=200820300000000-932b-3bd4-ab09-e690524232d4, -Didea.headless.statistics.salt=3311a0845a17b3da93fb2c6c7014905a, -Didea.log.path=/data/results/log, -Didea.plugins.path=/data/cache/plugins/262, -Didea.system.path=/data/cache/idea/262, -Dplugin.path=/opt/idea/custom-plugins/devkit,/opt/idea/custom-plugins/uiDesigner, -Dqodana.automation.guid=a9b0eea6-d0ed-4bb5-941e-e630f3b56ccc, -Dqodana.coverage.input=/data/coverage, -XX:MaxRAMPercentage=70, -Xlog:gc*:/data/results/log/gc.log, -Djb.vmOptionsFile=/root/.config/idea/ide.vmoptions, -Djava.system.class.loader=com.intellij.util.lang.PathClassLoader, -Didea.vendor.name=JetBrains, -Didea.paths.selector=IntelliJIdea2026.2, -Djna.boot.library.path=/opt/idea/lib/jna/aarch64, -Djna.nosys=true, -Djna.noclasspath=true, -Dpty4j.preferred.native.folder=/opt/idea/lib/pty4j, -Dio.netty.allocator.type=pooled, -Dskiko.library.path=/opt/idea/lib/skiko-awt-runtime-all, -Dintellij.platform.runtime.repository.path=/opt/idea/modules/module-descriptors.dat, -Dsplash=true, -Daether.connector.resumeDownloads=false, -Dcompose.swing.render.on.graphics=true, --enable-native-access=ALL-UNNAMED, --add-opens=java.base/java.io=ALL-UNNAMED, --add-opens=java.base/java.lang=ALL-UNNAMED, --add-opens=java.base/java.lang.ref=ALL-UNNAMED, --add-opens=java.base/java.lang.reflect=ALL-UNNAMED, --add-opens=java.base/java.net=ALL-UNNAMED, --add-opens=java.base/java.nio=ALL-UNNAMED, --add-opens=java.base/java.nio.charset=ALL-UNNAMED, --add-opens=java.base/java.text=ALL-UNNAMED, --add-opens=java.base/java.time=ALL-UNNAMED, --add-opens=java.base/java.util=ALL-UNNAMED, --add-opens=java.base/java.util.concurrent=ALL-UNNAMED, --add-opens=java.base/java.util.concurrent.atomic=ALL-UNNAMED, --add-opens=java.base/java.util.concurrent.locks=ALL-UNNAMED, --add-opens=java.base/jdk.internal.ref=ALL-UNNAMED, --add-opens=java.base/jdk.internal.vm=ALL-UNNAMED, --add-opens=java.base/sun.net.dns=ALL-UNNAMED, --add-opens=java.base/sun.nio=ALL-UNNAMED, --add-opens=java.base/sun.nio.ch=ALL-UNNAMED, --add-opens=java.base/sun.nio.fs=ALL-UNNAMED, --add-opens=java.base/sun.security.ssl=ALL-UNNAMED, --add-opens=java.base/sun.security.util=ALL-UNNAMED, --add-opens=java.desktop/com.sun.java.swing=ALL-UNNAMED, --add-opens=java.desktop/com.sun.java.swing.plaf.gtk=ALL-UNNAMED, --add-opens=java.desktop/java.awt=ALL-UNNAMED, --add-opens=java.desktop/java.awt.dnd.peer=ALL-UNNAMED, --add-opens=java.desktop/java.awt.event=ALL-UNNAMED, --add-opens=java.desktop/java.awt.font=ALL-UNNAMED, --add-opens=java.desktop/java.awt.image=ALL-UNNAMED, --add-opens=java.desktop/java.awt.peer=ALL-UNNAMED, --add-opens=java.desktop/javax.swing=ALL-UNNAMED, --add-opens=java.desktop/javax.swing.plaf.basic=ALL-UNNAMED, --add-opens=java.desktop/javax.swing.text=ALL-UNNAMED, --add-opens=java.desktop/javax.swing.text.html=ALL-UNNAMED, --add-opens=java.desktop/javax.swing.text.html.parser=ALL-UNNAMED, --add-opens=java.desktop/sun.awt=ALL-UNNAMED, --add-opens=java.desktop/sun.awt.X11=ALL-UNNAMED, --add-opens=java.desktop/sun.awt.datatransfer=ALL-UNNAMED, --add-opens=java.desktop/sun.awt.image=ALL-UNNAMED, --add-opens=java.desktop/sun.font=ALL-UNNAMED, --add-opens=java.desktop/sun.java2d=ALL-UNNAMED, --add-opens=java.desktop/sun.swing=ALL-UNNAMED, --add-opens=java.desktop/sun.swing.text=ALL-UNNAMED, --add-opens=java.management/sun.management=ALL-UNNAMED, --add-opens=jdk.attach/sun.tools.attach=ALL-UNNAMED, --add-opens=jdk.compiler/com.sun.tools.javac.api=ALL-UNNAMED, --add-opens=jdk.internal.jvmstat/sun.jvmstat.monitor=ALL-UNNAMED, --add-opens=jdk.jdi/com.sun.tools.jdi=ALL-UNNAMED, -Dqodana.application=true, -Dintellij.platform.load.app.info.from.resources=true, -Dfus.internal.reduce.initial.delay=true, -Didea.headless.statistics.max.files.to.send=5000, -Djava.awt.headless=true, -Didea.qodana.thirdpartyplugins.accept=true, -Dide.warmup.use.predicates=false, -Dvcs.log.index.enable=false, -Didea.job.launcher.without.timeout=true, -Dscanning.in.smart.mode=false, -Deap.login.enabled=false, -Dsdk.download.consent=true, -Dide.activity.tracking.enable.debug=true, -Deslint.service.expiration.timeout.ms=5000, -Dphp.additional.library.manager.new.updater=true, -Dide.region.url.mapping.expiration.timeout=7200, -Dexternal.system.auto.import.headless.async=true, -Dmaven.default.headless.import=true, -Dide.do.not.check.ls.on.startup=true, -Dqodana.product.name=Qodana for JVM, -Dqodana.build.number=QDJVM-262.7671, -Dqodana.eap=true, -Dide.native.launcher=true]
2026-06-10 09:29:48,608 [     42]   INFO - #c.i.p.i.b.AppStarter - args: qodana --config-dir /tmp/qd-effective-config-462283733 /data/project /data/results
2026-06-10 09:29:48,608 [     42]   INFO - #c.i.p.i.b.AppStarter - library path: /usr/java/packages/lib:/usr/lib64:/lib64:/lib:/usr/lib
2026-06-10 09:29:48,608 [     42]   INFO - #c.i.p.i.b.AppStarter - boot library path: /opt/idea/jbr/lib
2026-06-10 09:29:48,608 [     42]   INFO - #c.i.p.i.b.AppStarter - locale=en_US JNU=UTF-8 file.encoding=UTF-8
    idea.home.path=/opt/idea
    idea.config.path=/root/.config/idea
    idea.system.path=/data/cache/idea/262
    idea.plugins.path=/data/cache/plugins/262 -> java.nio.file.NoSuchFileException: /data/cache/plugins/262
    idea.log.path=/data/results/log
2026-06-10 09:29:48,610 [     44]   INFO - #c.i.p.i.b.AppStarter - CPU cores: 16; ForkJoinPool.commonPool: java.util.concurrent.ForkJoinPool@8b6af3[Running, parallelism = 16, size = 0, active = 0, running = 0, steals = 0, tasks = 0, submissions = 0]; factory: com.intellij.concurrency.IdeaForkJoinWorkerThreadFactory@698ca688
2026-06-10 09:29:48,688 [    122]   WARN - #c.i.i.p.PluginManager - Dist index is missing or corrupted; an OLD, DEPRECATED, SOON-TO-BE-REMOVED implementation will be used
2026-06-10 09:29:48,809 [    243]   INFO - #c.i.i.p.PluginManager - Ignoring cached broken plugins file from an earlier IDE build (IU-262.7671)
2026-06-10 09:29:48,817 [    251]   WARN - #c.i.i.p.PluginManager - Environment-configured module is not found: intellij.platform.split
2026-06-10 09:29:48,843 [    277]   INFO - #c.i.i.p.PluginManager - Plugin set resolution:
module intellij.platform.backend.split (namespace=jetbrains) is not resolved
  └ dependent module intellij.platform.identifiers.highlighting.backend, module intellij.platform.smRunner.backend.split, module intellij.java.backend.split excluded
plugin com.intellij.rd.client.capable is not resolved
  └ dependent module intellij.rd.client.base excluded
    └ dependent module intellij.rd.client excluded
module intellij.platform.ui.jcef (namespace=jetbrains) is not resolved
  └ dependent module intellij.platform.trialPromotion.idesWithFreeTier excluded
    └ dependent module intellij.idea.ultimate.customizationTrial excluded
plugin org.jetbrains.idea.gradle.dsl is not resolved
  └ dependent module intellij.gradle.analysis, module intellij.gradle.dependencyUpdater excluded
module intellij.toml.core (namespace=jetbrains) is not resolved
  └ dependent module intellij.gradle.completion.toml excluded
  └ dependent module intellij.gradle.java.toml excluded
    └ dependent module intellij.gradle.java.groovy.toml excluded
plugin com.intellij.completion.ml.ranking is not resolved
  └ dependent module intellij.gradle.java.groovy.ml, module intellij.kotlin.completion.ml excluded
plugin Coverage is not resolved
  └ dependent module intellij.gradle.java.coverage, module intellij.kotlin.coverage, module intellij.qodana.jvm.coverage excluded
module intellij.platform.frontend.split (namespace=jetbrains) is not resolved
  └ dependent module intellij.editorconfig.frontend.split, module intellij.json.frontend.split, module intellij.platform.frontend.split.bookmarks, module intellij.performanceTesting.frontend.split, module intellij.driver.frontend.split excluded
plugin AntSupport is not resolved
  └ dependent module intellij.groovy.ant excluded
plugin ByteCodeViewer is not resolved
  └ dependent module intellij.groovy.byteCodeViewer excluded
module intellij.cwm.frontend (namespace=jetbrains) is not resolved
  └ dependent module intellij.terminal.frontend.split excluded
module intellij.sh.core (namespace=jetbrains) is not resolved
  └ dependent module intellij.terminal.sh excluded
module intellij.platform.execution.frontend.split (namespace=jetbrains) is not resolved
  └ dependent module intellij.platform.smRunner.frontend.split excluded
plugin com.intellij.jetbrains.client is not resolved
  └ dependent module intellij.vcs.git.frontend.split, module intellij.java.frontend.split, module intellij.debugger.logpoints.frontend.split excluded
module intellij.platform.vcs.backend.split (namespace=jetbrains) is not resolved
  └ dependent module intellij.vcs.git.backend.split excluded
plugin com.intellij.modules.nativeDebug is not resolved
  └ dependent module kotlin-ultimate.native-debugger, module kotlin-ultimate.ultimate-native excluded
plugin JavaScript is not resolved
  └ dependent module kotlin-ultimate.javascript.debugger, module intellij.qodana.inspectionKts.js, module intellij.qodana.js excluded
plugin JavaScriptDebugger is not resolved
  └ dependent module kotlin-ultimate.javascript.nodeJs excluded
module intellij.javascript.debugger.backend (namespace=jetbrains) is not resolved
  └ dependent module kotlin-ultimate.wasm.debugger excluded
plugin com.intellij.LineProfiler is not resolved
  └ dependent module kotlin-ultimate.profiler excluded
plugin tanvd.grazi is not resolved
  └ dependent module intellij.kotlin.grazie, module intellij.maven.proofreading excluded
plugin org.toml.lang is not resolved
  └ dependent module intellij.kotlin.gradle.codeInsight.toml excluded
plugin org.jetbrains.java.decompiler is not resolved
  └ dependent module intellij.kotlin.jvm.decompiler excluded
module intellij.yaml (namespace=jetbrains) is not resolved
  └ dependent module intellij.qodana.yaml excluded
plugin org.jetbrains.plugins.go is not resolved
  └ dependent module intellij.qodana.go excluded
plugin org.jetbrains.plugins.clion.radler is not resolved
  └ dependent module intellij.qodana.cpp excluded
module intellij.yaml.backend (namespace=jetbrains) is not resolved
  └ dependent module intellij.qodana.inspectionKts excluded
    └ dependent module intellij.qodana.inspectionKts.kotlin, module intellij.qodana.inspectionKts.java excluded
plugin com.jetbrains.php is not resolved
  └ dependent module intellij.qodana.php, module intellij.php.dev excluded
plugin com.intellij.modules.python is not resolved
  └ dependent module intellij.qodana.python.community, module intellij.qodana.python.coverage excluded
plugin com.intellij.swagger is not resolved
  └ dependent module intellij.qodana.jvm.swagger excluded
plugin com.intellij.modules.rustrover is not resolved
  └ dependent module intellij.qodana.rust excluded
plugin com.intellij.mcpServer is not resolved
  └ dependent module intellij.qodana.inspectionKts.mcp, module intellij.devkit.mcp excluded
plugin com.intellij.modules.idea.community is not resolved
  └ dependent module intellij.java.promo excluded
module intellij.libraries.jcef (namespace=jetbrains) is not resolved
  └ dependent module intellij.performanceTesting.remoteDriver.jcef excluded
module intellij.platform.recentFiles.frontend (namespace=jetbrains) is not resolved
  └ dependent module intellij.performanceTesting.frontend excluded
plugin Error-prone plugin is not resolved
  └ dependent module intellij.maven.errorProne.compiler excluded
plugin com.intellij.smartUpdate is not resolved
  └ dependent module intellij.devkit.smartupdate excluded
2026-06-10 09:29:48,857 [    291]   INFO - #c.i.p.i.b.AppStarter - Loaded bundled plugins: IDEA CORE (262.7671), Eclipse Interoperability (262.7671.0), Gradle for Java (262.7671.0), EditorConfig (262.7671.0), Lombok (262.7671.0), Library Modules: Misc (262.7671.0), Groovy (262.7671.0), Java IDE Customization (262.7671.0), Structural Search (262.7671.0), XPathView + XSLT (262.7671.0), Terminal (262.7671.0), Test Runner (262.7671.0), JUnit (262.7671.0), Properties (262.7671.0), JSON (262.7671.0), Git (262.7671.0), Java Internationalization (262.7671.0), Groovy Scripting (262.7671.0), Kotlin (262.7671.0-IJ), Qodana (262.7671.0), JetBrains Ultimate (262.7671.0), Bookmarks Manager (262.7671.0), Structure View (262.7671.0), Copyright (262.7671.0), Aether Dependency Resolver (262.7671.0), TestNG (262.7671.0), Java (262.7671.0), Artifacts Repository Search (262.7671.0), IDE Features Trainer (262.7671.0), TODO View (262.7671.0), DevKit Runtime (262.7671.0), Configuration Script (262.7671.0), Performance Testing (262.7671.0), Maven (262.7671.0), Gradle (262.7671.0)
2026-06-10 09:29:48,857 [    291]   INFO - #c.i.p.i.b.AppStarter - Loaded custom plugins: Plugin DevKit (262.7671.0), Swing UI Designer (262.7671.0)
2026-06-10 09:29:48,869 [    303]   WARN - #c.i.p.instanceContainer - InstanceNotOverridableException: Incorrect override for com.intellij.openapi.project.impl.ProjectStoreFactory: com.intellij.configurationScript.providers.ConfigurationScriptProjectStoreFactory overrides com.intellij.configurationStore.PlatformLangProjectStoreFactory even though the existing implementation is not overridable (not declared as 'open=true')
2026-06-10 09:29:48,919 [    353]   INFO - #c.i.i.p.DisabledPluginsState - Marking plugins 'enabled': [com.intellij.modules.ultimate] (was already enabled, nothing changed)
2026-06-10 09:29:48,938 [    372]   INFO - #o.j.q.s.i.s.QodanaApplicationStarter - Command line arguments: [qodana, --config-dir, /tmp/qd-effective-config-462283733, /data/project, /data/results]
2026-06-10 09:29:48,939 [    373]   INFO - #c.i.u.i.PageCacheUtils - File page caching params:
	DEFAULT_PAGE_SIZE: 10485760
	Direct memory to use, max: 7272923136
	FilePageCache: regular
	Regular FilePageCache: 629145600 bytes
	DirectByteBuffers pool: 104857600 bytes
2026-06-10 09:29:48,952 [    386]   INFO - #c.i.p.e.n.i.EelMultiRoutingFileSystemBackendInitializationService - Eel MultiRoutingFileSystem backend is initialized
2026-06-10 09:29:48,955 [    389]   INFO - #c.i.u.s.JBUIScale - System scale factor: 1.0 (IDE-managed HiDPI)
2026-06-10 09:29:48,960 [    394]   INFO - #c.i.o.v.n.i.VfsData - Use SoftReference in VFS cache: true
2026-06-10 09:29:48,979 [    413]   INFO - #c.i.o.v.n.p.PersistentFSLoader - VFS uses names enumerator over mmapped file
2026-06-10 09:29:48,979 [    413]   INFO - #c.i.o.v.n.p.PersistentFSLoader - VFS uses streamlined attributes storage (over mmapped file)
2026-06-10 09:29:48,980 [    414]   INFO - #c.i.o.v.n.p.PersistentFSLoader - VFS uses OverMMappedFile(pageSize=67108864, acquireStorageOwnership=true) storage for main file records table
2026-06-10 09:29:48,981 [    415]   INFO - #c.i.o.v.n.p.PersistentFSLoader - VFS uses content storage over memory-mapped file, with compression algo: LZ4[ > 8000b ]
2026-06-10 09:29:49,022 [    456]   INFO - #c.i.o.v.n.p.PersistentFSLoader - VFS: impl (expected) version=65, 0 file records, 0 content blobs
2026-06-10 09:29:49,024 [    458]   INFO - #c.i.o.v.n.p.FSRecordsImpl - VFS initialized: 47 ms, 0 failed attempts, 0 error(s) were recovered
2026-06-10 09:29:49,029 [    463]   INFO - #c.i.o.u.LowMemoryWatcherManager - Use ExponentiallySmoothingTracker(90000 ms)
2026-06-10 09:29:49,030 [    464]   INFO - #c.i.o.u.LowMemoryWatcherManager - Subscribing to MemoryPool[G1 Old Gen]{max: 7293894656, threshold: 6929199616 (0.95 * max)}
2026-06-10 09:29:49,030 [    464]   INFO - #c.i.o.u.LowMemoryWatcherManager - Schedule GC-time updating: each 15000ms
2026-06-10 09:29:49,035 [    469]   INFO - #c.i.o.v.n.p.FSRecordsImpl - VFS scanned: file-by-name index was populated
2026-06-10 09:29:49,061 [    495]   INFO - #c.i.p.k.b.BackendKernelServiceKt - Backend started Kernel
2026-06-10 09:29:49,070 [    504]   INFO - #c.i.l.LocalizationStateServiceImpl - [i18n] Localization property from registry is null
2026-06-10 09:29:49,089 [    523]   INFO - #c.i.o.v.n.p.FSRecords - VFS health-check enabled: first after 600000 ms, and each following 43200000 ms, wrap in RA: true
2026-06-10 09:29:49,096 [    530]   INFO - #c.i.o.v.n.p.PersistentFSImpl - VFS.MAX_FILE_LENGTH_TO_CACHE: 1048576
2026-06-10 09:29:49,110 [    544]   INFO - #c.i.a.o.PathMacrosImpl - Loaded path macros: {MAVEN_REPOSITORY=/data/cache/.m2}
2026-06-10 09:29:49,115 [    549]   INFO - #c.i.i.p.ExpiredPluginsState - Marking plugins 'skipped': []
2026-06-10 09:29:49,117 [    551]   INFO - #c.i.i.s.StatisticsRegionSettingsServiceImpl - Statistics. Region code is not_set
2026-06-10 09:29:49,131 [    565]   INFO - #c.i.p.trialPromotion - IDE is not managed
2026-06-10 09:29:49,134 [    568]   INFO - #c.i.s.c.m.SettingsRepositoryToSettingsSyncMigration - No data from settingsRepository in 'settingsRepository' folder => no migration needed
2026-06-10 09:29:49,187 [    621]   INFO - c.i.p.i.IdeFingerprint - Calculated dependencies fingerprint in 275 ms (hash=1i193vc5c9bee, buildTime=1781083788, appVersion=QDJVM-262.7671)
2026-06-10 09:29:49,230 [    664]   INFO - #o.j.i.BuiltInServerManager - built-in server started, port 63342
2026-06-10 09:29:49,236 [    670]   INFO - #c.i.u.n.s.CertificateManager - Default SSL context initialized
2026-06-10 09:29:49,262 [    696]   INFO - #c.i.u.i.c.d.IndexWriter - Use com.intellij.util.indexing.contentQueue.dev.MultiThreadedWithSuspendIndexWriter@2ccda75e as (parallel) index writer implementation
2026-06-10 09:29:49,264 [    698]   INFO - #c.i.u.i.i.SlruIndexStorageCacheProvider - SLRU cache will be used for indexes
2026-06-10 09:29:49,265 [    699]   INFO - #c.i.u.i.i.MapIndexStorageCacheProvider$Companion - Default index storage cache provider [com.intellij.util.indexing.impl.SlruIndexStorageCacheProvider@5d0355cb] is used
2026-06-10 09:29:49,265 [    699]   INFO - #c.i.o.v.i.l.NativeFileWatcherImpl - Native file watcher is disabled
2026-06-10 09:29:49,265 [    699]   INFO - #c.i.u.i.FileBasedIndexImpl - Loading indexes
2026-06-10 09:29:49,280 [    714]   INFO - #c.i.f.n.TrigramIndexFilter - Filter exclude extensions is enabled: CustomizableExcludeExtensions([com.intellij.java.JavaLibrarySourcesExcludingIndexFilterExtension@12e3b659])
2026-06-10 09:29:49,284 [    718]   INFO - #c.i.u.i.i.s.PersistentWriteAheadLogFactory - Opening persistent Write-Ahead Log over mmapped file (/data/cache/idea/262/index/write-ahead-log.{wal,paths})
2026-06-10 09:29:49,307 [    741]   INFO - #c.i.p.u.i.s.c.WriteAheadLogOverCircularBuffer - No unprocessed records left => old pathsEnumerator is useless => drop it
2026-06-10 09:29:49,431 [    865]   INFO - #c.i.u.i.FileBasedIndexImpl - Indices to be built:json.file.root.values(v = 5),fileIncludes(v = 6),Trigram.Index(v = 4),org.jetbrains.kotlin.idea.vfilefinder.KotlinJvmModuleAnnotationsIndex(v = 1),LombokConfigIndex(v = 15),PluginIdModuleIndex(v = 13),org.jetbrains.kotlin.idea.vfilefinder.KotlinBuiltInsMetadataIndex(v = 4),org.jetbrains.kotlin.idea.vfilefinder.KotlinMetadataFileIndex(v = 2),TodoIndex(v = 13),filetypes(v = 4096),KotlinBinaryRootToPackageIndex(v = 7),java.source.module.name(v = 5),org.jetbrains.kotlin.idea.versions.KotlinJsMetadataVersionIndex(v = 3),html5.custom.attributes.index(v = 1),HashFragmentIndex(v = 19111503),PluginIdDependenciesIndex(v = 17),java.auto.module.name(v = 7),org.jetbrains.kotlin.idea.vfilefinder.KotlinJavaScriptMetaFileIndex(v = 4),org.jetbrains.kotlin.idea.vfilefinder.KlibMetaFileIndex(v = 4),org.jetbrains.kotlin.idea.vfilefinder.KotlinStdlibIndex(v = 2),FilenameIndex(v = 258),XmlNamespaces(v = 8),Stubs(v = 46),org.jetbrains.kotlin.idea.vfilefinder.KotlinClassFileIndex(v = 3),FrameworkDetectionIndex(v = 65536),RelaxSymbolIndex(v = 0),org.jetbrains.kotlin.idea.vfilefinder.KotlinPartialPackageNamesIndex(v = 5),DomFileIndex(v = 0),SchemaTypeInheritance(v = 2),com.intellij.uiDesigner.FormClassIndex(v = 0),java.external.annotations(v = 1),org.jetbrains.kotlin.idea.vfilefinder.KotlinMetadataFilePackageIndex(v = 2),bytecodeAnalysis(v = 11),KotlinPackageSourcesMemberNamesIndex(v = 2),java.fun.expression(v = 6),java.binary.plus.expression(v = 4),IdIndex(v = 22),xmlProperties(v = 2),IdeaPluginRegistrationIndex(v = 20),XsltSymbolIndex(v = 0),editorconfig.index.name(v = 5),XmlTagNames(v = 1),KotlinTopLevelClassLikeDeclarationByPackageShortNameIndex(v = 3),devkit.ExtensionPointIndex(v = 12),org.jetbrains.kotlin.idea.vfilefinder.KotlinModuleMappingIndex(v = 5),java.null.method.argument(v = 1),KotlinTopLevelCallableByPackageShortNameIndex(v = 3),org.jetbrains.kotlin.idea.versions.KotlinJvmMetadataVersionIndex(v = 5),devkit.ExtensionPointClassIndex(v = 12)
2026-06-10 09:29:49,432 [    866]   INFO - #c.i.u.i.FileBasedIndexImpl - Using simple flusher for indexes
2026-06-10 09:29:49,434 [    868]   INFO - #c.i.u.i.IndexDataInitializer - Index data initialization done: 166 ms. Initialized indexes: [FilenameIndex, filetypes, java.auto.module.name, java.external.annotations, XsltSymbolIndex, java.null.method.argument, XmlTagNames, bytecodeAnalysis, java.source.module.name, java.fun.expression, java.binary.plus.expression, Trigram.Index, SchemaTypeInheritance, html5.custom.attributes.index, XmlNamespaces, json.file.root.values, DomFileIndex, RelaxSymbolIndex, PluginIdDependenciesIndex, PluginIdModuleIndex, xmlProperties, IdeaPluginRegistrationIndex, editorconfig.index.name, org.jetbrains.kotlin.idea.versions.KotlinJvmMetadataVersionIndex, HashFragmentIndex, TodoIndex, devkit.ExtensionPointClassIndex, org.jetbrains.kotlin.idea.versions.KotlinJsMetadataVersionIndex, org.jetbrains.kotlin.idea.vfilefinder.KotlinClassFileIndex, devkit.ExtensionPointIndex, org.jetbrains.kotlin.idea.vfilefinder.KotlinBuiltInsMetadataIndex, org.jetbrains.kotlin.idea.vfilefinder.KotlinMetadataFileIndex, FrameworkDetectionIndex, org.jetbrains.kotlin.idea.vfilefinder.KotlinMetadataFilePackageIndex, org.jetbrains.kotlin.idea.vfilefinder.KotlinStdlibIndex, org.jetbrains.kotlin.idea.vfilefinder.KotlinModuleMappingIndex, org.jetbrains.kotlin.idea.vfilefinder.KotlinJavaScriptMetaFileIndex, KotlinPackageSourcesMemberNamesIndex, org.jetbrains.kotlin.idea.vfilefinder.KlibMetaFileIndex, org.jetbrains.kotlin.idea.vfilefinder.KotlinJvmModuleAnnotationsIndex, KotlinTopLevelCallableByPackageShortNameIndex, LombokConfigIndex, IdIndex, com.intellij.uiDesigner.FormClassIndex, org.jetbrains.kotlin.idea.vfilefinder.KotlinPartialPackageNamesIndex, KotlinTopLevelClassLikeDeclarationByPackageShortNameIndex, KotlinBinaryRootToPackageIndex, fileIncludes, Stubs].
2026-06-10 09:29:49,525 [    959]   INFO - #c.i.p.s.StubIndexImpl - Following stub indices will be built:java.anonymous.baseref(v = 2),gr.anonymous.class(v = 6),jvm.static.member.name(v = 2),KotlinProbablyContractedFunctionShortNameIndex(v = 2),java.annotations(v = 2),org.jetbrains.kotlin.idea.stubindex.KotlinFullClassNameIndex(v = 3),org.jetbrains.kotlin.idea.stubindex.KotlinSuperClassIndex(v = 2),java.class.fqn(v = 1),gr.class.fqn.s(v = 5),java.field.name(v = 2),KotlinFileFacadeClassByPackageIndex(v = 2),KotlinTopLevelPropertyByPackageIndex(v = 2),dom.elementClass(v = 0),org.jetbrains.kotlin.idea.stubindex.KotlinTopLevelPropertyFqnNameIndex(v = 3),KotlinProbablyNothingFunctionShortNameIndex(v = 2),org.jetbrains.kotlin.idea.stubindex.KotlinMultifileClassPartIndex(v = 2),org.jetbrains.kotlin.idea.stubindex.KotlinScriptFqnIndex(v = 2),org.jetbrains.kotlin.idea.stubindex.KotlinClassShortNameIndex(v = 3),org.jetbrains.kotlin.idea.stubindex.KotlinTopLevelFunctionFqnNameIndex(v = 3),gr.class.super(v = 5),org.jetbrains.kotlin.idea.stubindex.KotlinInnerTypeAliasClassIdIndex(v = 2),org.jetbrains.kotlin.idea.stubindex.KotlinJvmNameAnnotationIndex(v = 2),KotlinOverridableInternalMembersShortNameIndex(v = 2),gr.field.name(v = 5),KotlinTopLevelExpectFunctionFqNameIndex(v = 2),KotlinTopLevelFunctionByPackageIndex(v = 2),KotlinTopLevelExpectPropertyFqNameIndex(v = 2),java.unnamed.class(v = 2),org.jetbrains.kotlin.idea.stubindex.KotlinFunctionShortNameIndex(v = 3),org.jetbrains.kotlin.idea.stubindex.KotlinFileFacadeFqNameIndex(v = 2),java.method.parameter.types(v = 3),gr.script.fqn.s(v = 5),kotlin.primeIndexKey(v = 2),properties.index(v = 2),java.class.shortname(v = 4),KotlinTopLevelTypeAliasByPackageIndex(v = 2),java.module.name(v = 4),KotlinTopLevelExtensionsByReceiverTypeIndex(v = 4),gr.annot.method.name(v = 5),org.jetbrains.kotlin.idea.stubindex.KotlinFileFacadeShortNameIndex(v = 3),org.jetbrains.kotlin.idea.stubindex.KotlinTopLevelTypeAliasFqNameIndex(v = 2),gr.script.class(v = 5),org.jetbrains.kotlin.idea.stubindex.KotlinAnnotationsIndex(v = 3),KotlinProbablyInjectedFunctionShortNameIndex(v = 2),org.jetbrains.kotlin.idea.stubindex.KotlinTopLevelClassByPackageIndex(v = 2),dom.namespaceKey(v = 1),java.class.extlist(v = 3),java.record.component.name(v = 2),gr.annot.members(v = 5),org.jetbrains.kotlin.idea.stubindex.KotlinSubclassObjectNameIndex(v = 3),jvm.static.member.type(v = 2),java.method.name(v = 2),org.jetbrains.kotlin.idea.stubindex.KotlinPropertyShortNameIndex(v = 2),org.jetbrains.kotlin.idea.stubindex.KotlinTypeAliasShortNameIndex(v = 2),KotlinProbablyNothingPropertyShortNameIndex(v = 2),org.jetbrains.kotlin.idea.stubindex.KotlinExactPackagesIndex(v = 2),KotlinExtensionsInObjectsByReceiverTypeIndex(v = 2),KotlinTypeAliasByExpansionShortNameIndex(v = 2),org.jetbrains.kotlin.idea.stubindex.KotlinFilePartClassIndex(v = 2),gr.method.name(v = 5)
2026-06-10 09:29:49,525 [    959]   INFO - #c.i.u.i.IndexDataInitializer - Index data initialization done: 91 ms. Initialized stub indexes: {org.jetbrains.kotlin.idea.stubindex.KotlinPropertyShortNameIndex, java.class.fqn, gr.field.name, org.jetbrains.kotlin.idea.stubindex.KotlinTypeAliasShortNameIndex, KotlinTopLevelExtensionsByReceiverTypeIndex, gr.class.fqn.s, KotlinTopLevelFunctionByPackageIndex, gr.method.name, org.jetbrains.kotlin.idea.stubindex.KotlinTopLevelTypeAliasFqNameIndex, org.jetbrains.kotlin.idea.stubindex.KotlinScriptFqnIndex, gr.anonymous.class, org.jetbrains.kotlin.idea.stubindex.KotlinAnnotationsIndex, KotlinProbablyContractedFunctionShortNameIndex, org.jetbrains.kotlin.idea.stubindex.KotlinMultifileClassPartIndex, KotlinProbablyNothingFunctionShortNameIndex, KotlinProbablyInjectedFunctionShortNameIndex, gr.annot.members, KotlinProbablyNothingPropertyShortNameIndex, org.jetbrains.kotlin.idea.stubindex.KotlinSubclassObjectNameIndex, gr.script.class, java.record.component.name, org.jetbrains.kotlin.idea.stubindex.KotlinFunctionShortNameIndex, org.jetbrains.kotlin.idea.stubindex.KotlinFullClassNameIndex, KotlinTopLevelTypeAliasByPackageIndex, jvm.static.member.name, org.jetbrains.kotlin.idea.stubindex.KotlinClassShortNameIndex, org.jetbrains.kotlin.idea.stubindex.KotlinFileFacadeFqNameIndex, java.unnamed.class, java.class.extlist, org.jetbrains.kotlin.idea.stubindex.KotlinFileFacadeShortNameIndex, org.jetbrains.kotlin.idea.stubindex.KotlinFilePartClassIndex, org.jetbrains.kotlin.idea.stubindex.KotlinInnerTypeAliasClassIdIndex, java.class.shortname, gr.script.fqn.s, properties.index, org.jetbrains.kotlin.idea.stubindex.KotlinTopLevelClassByPackageIndex, kotlin.primeIndexKey, java.annotations, java.anonymous.baseref, KotlinTopLevelExpectPropertyFqNameIndex, KotlinTopLevelPropertyByPackageIndex, KotlinOverridableInternalMembersShortNameIndex, KotlinTypeAliasByExpansionShortNameIndex, java.method.parameter.types, gr.class.super, jvm.static.member.type, dom.elementClass, org.jetbrains.kotlin.idea.stubindex.KotlinExactPackagesIndex, org.jetbrains.kotlin.idea.stubindex.KotlinTopLevelPropertyFqnNameIndex, KotlinFileFacadeClassByPackageIndex, dom.namespaceKey, java.field.name, org.jetbrains.kotlin.idea.stubindex.KotlinTopLevelFunctionFqnNameIndex, java.method.name, org.jetbrains.kotlin.idea.stubindex.KotlinJvmNameAnnotationIndex, java.module.name, KotlinExtensionsInObjectsByReceiverTypeIndex, org.jetbrains.kotlin.idea.stubindex.KotlinSuperClassIndex, KotlinTopLevelExpectFunctionFqNameIndex, gr.annot.method.name}.
2026-06-10 09:29:49,606 [   1040]   INFO - o.j.q.s.i.r.cloud - QODANA_TOKEN environment variable is not defined
2026-06-10 09:29:49,619 [   1053]   INFO - STDOUT - By using this linter, you agree to
2026-06-10 09:29:49,620 [   1054]   INFO - STDOUT - - JetBrains Privacy Policy (https://jb.gg/jetbrains-privacy-policy)
2026-06-10 09:29:49,620 [   1054]   INFO - STDOUT - - JETBRAINS EAP USER AGREEMENT (https://jb.gg/jetbrains-user-eap)
2026-06-10 09:29:49,620 [   1054]   INFO - STDOUT - 
2026-06-10 09:29:49,620 [   1054]   INFO - STDOUT - The linter includes an evaluation license.
2026-06-10 09:29:49,620 [   1054]   INFO - STDOUT - The license will expire on August 9, 2026.
2026-06-10 09:29:49,621 [   1055]   INFO - STDOUT - Please ensure you pull a new image on time.
2026-06-10 09:29:49,621 [   1055]   INFO - STDOUT - Qodana license plan: Ultimate Plus
2026-06-10 09:29:49,627 [   1061]   WARN - org.jline - Unable to create a system terminal, creating a dumb terminal (enable debug logging for more information)
2026-06-10 09:29:49,642 [   1076]   WARN - org.jline - Unable to create a system terminal, creating a dumb terminal (enable debug logging for more information)
2026-06-10 09:29:49,646 [   1080]   INFO - STDOUT -                                         
2026-06-10 09:29:49,646 [   1080]   INFO - STDOUT -           _              _       
2026-06-10 09:29:49,647 [   1081]   INFO - STDOUT -          /\ \           /\ \        Qodana for JVM 2026.2 EAP
2026-06-10 09:29:49,647 [   1081]   INFO - STDOUT -         /  \ \         /  \ \       Documentation
2026-06-10 09:29:49,647 [   1081]   INFO - STDOUT -        / /\ \ \       / /\ \ \      https://jb.gg/qodana-docs
2026-06-10 09:29:49,647 [   1081]   INFO - STDOUT -       / / /\ \ \     / / /\ \ \     Contact us at
2026-06-10 09:29:49,648 [   1082]   INFO - STDOUT -      / / /  \ \_\   / / /  \ \_\    qodana-support@jetbrains.com
2026-06-10 09:29:49,648 [   1082]   INFO - STDOUT -     / / / _ / / /  / / /   / / /    Or via our issue tracker
2026-06-10 09:29:49,648 [   1082]   INFO - STDOUT -    / / / /\ \/ /  / / /   / / /     https://jb.gg/qodana-issue
2026-06-10 09:29:49,648 [   1082]   INFO - STDOUT -   / / /__\ \ \/  / / /___/ / /      Or share your feedback at our forum
2026-06-10 09:29:49,649 [   1083]   INFO - STDOUT -  / / /____\ \ \ / / /____\/ /       https://jb.gg/qodana-forum
2026-06-10 09:29:49,649 [   1083]   INFO - STDOUT -  \/________\_\/ \/_________/     
2026-06-10 09:29:49,649 [   1083]   INFO - STDOUT -                                                    
2026-06-10 09:29:49,649 [   1083]   INFO - STDOUT -                                         
2026-06-10 09:29:49,649 [   1083]   INFO - STDOUT - Starting up Qodana for JVM 2026.2 EAP (build QDJVM-262.7671)…done.
2026-06-10 09:29:54,100 [   5534]   INFO - #c.i.i.s.e.StatisticsEventLoggerProvider - Initialize event logger provider for 'FUS'
2026-06-10 09:29:54,103 [   5537]   INFO - #c.i.i.s.e.StatisticsEventLoggerProvider - Initialize event logger provider for 'MP'
2026-06-10 09:29:54,104 [   5538]   INFO - #c.i.i.s.e.StatisticsEventLoggerProvider - Initialize event logger provider for 'TRACE'
2026-06-10 09:29:54,105 [   5539]   INFO - #c.i.i.s.e.StatisticsEventLoggerProvider - Initialize event logger provider for 'ML'
2026-06-10 09:29:54,436 [   5870]   INFO - #c.i.i.s.DeviceIdManager - Generating new Device ID for 'MP'
2026-06-10 09:29:54,436 [   5870]   INFO - #c.i.i.s.e.EventLogConfiguration - Generating new salt for MP
2026-06-10 09:30:03,161 [  14595]   INFO - #o.j.q.s.w.QodanaWorkflowExtension - Running beforeProjectOpened Qodana workflow layer: QodanaResolveProjectJdkFromQodanaConfig
2026-06-10 09:30:03,164 [  14598]   INFO - #o.j.q.s.i.r.ConsoleLog - Preparing for the Project opening stage ...
2026-06-10 09:30:03,164 [  14598]   INFO - STDOUT - Opening project…Preparing for the Project opening stage ...
2026-06-10 09:30:03,178 [  14612]   INFO - #c.i.i.i.ProjectUtil - Opening existing project with .idea at /data/project
2026-06-10 09:30:03,199 [  14633]   INFO - #c.i.p.p.ProjectEntitiesStorage - Creating entity for project ProjectId#m3oon8i8tf8cifa7rb85
2026-06-10 09:30:03,204 [  14638]   INFO - #c.i.p.p.ProjectEntitiesStorage - Entity for project ProjectId#m3oon8i8tf8cifa7rb85 created successfully
2026-06-10 09:30:03,213 [  14647]   INFO - #c.i.c.ComponentStoreImpl - Project store initialization started for path: /data/project and template: null
2026-06-10 09:30:03,236 [  14670]   INFO - #c.i.c.ComponentStoreImpl - Project store initialized with paths: [Macro(key=$PROJECT_CONFIG_DIR$, value=/data/project/.idea), Macro(key=$WORKSPACE_FILE$, value=/data/project/.idea/workspace.xml), Macro(key=$PROJECT_FILE$, value=/data/project/.idea/misc.xml), Macro(key=$CACHE_FILE$, value=/data/cache/idea/262/projects/project.15375f63/cache-state.xml), Macro(key=$PRODUCT_WORKSPACE_FILE$, value=/root/.config/idea/workspace/2vtp4k9uyoLPyb1TbWUKb7FbSyO.xml)]
2026-06-10 09:30:03,279 [  14713]   INFO - #c.i.w.i.i.j.s.JpsGlobalModelSynchronizerImpl - Loading global entities com.intellij.platform.workspace.jps.entities.SdkEntity from files
2026-06-10 09:30:03,280 [  14714]   INFO - #c.i.w.i.i.j.s.JpsGlobalModelSynchronizerImpl - Loading global entities com.intellij.platform.workspace.jps.entities.LibraryEntity from files
2026-06-10 09:30:03,286 [  14720]   INFO - #c.i.w.i.i.GlobalWorkspaceModel - Project project is added to the list of initializing and open projects
2026-06-10 09:30:03,286 [  14720]   INFO - #c.i.w.i.i.l.m.ModuleBridgeLoaderService - Workspace model loaded without cache. Loading real project state into workspace model. Thread[#39,DefaultDispatcher-worker-16,5,main]
2026-06-10 09:30:03,330 [  14764]   INFO - #c.i.w.i.i.EntitiesOrphanageImpl - Update orphanage. 0 modules added
2026-06-10 09:30:03,333 [  14767]   INFO - #c.i.w.i.i.WorkspaceModelImpl - Project model for project project (locationHash=15375f63) updated to version 1 in 35 ms: Change entity sources to externally imported
2026-06-10 09:30:03,351 [  14785]   INFO - #c.i.w.i.i.GlobalWorkspaceModel - Sync global entities with mutable entity storage
2026-06-10 09:30:03,358 [  14792]   INFO - #c.i.w.i.i.l.l.ProjectLibraryTableBridgeImpl - Initial load of project-level (project=project) libraries. There are 0 libraries to load.
2026-06-10 09:30:03,359 [  14793]   INFO - #c.i.w.i.i.j.s.JpsProjectModelSynchronizer - Attempt 1: Apply JPS storage (iml files)
2026-06-10 09:30:03,374 [  14808]   INFO - #c.i.c.m.CodeInsightContextEnabling - multiverse is enabled
2026-06-10 09:30:03,407 [  14841]   INFO - #c.i.u.i.UnindexedFilesScanner - First scanning is not yet requested (project=project), current scanning request will be ignored and full scanning on startup will be performed instead.
2026-06-10 09:30:03,409 [  14843]   INFO - #c.i.w.i.i.EntitiesOrphanageImpl - Update orphanage. 0 modules added
2026-06-10 09:30:03,427 [  14861]   INFO - #c.i.w.i.i.WorkspaceModelImpl - Project model for project project (locationHash=15375f63) updated to version 2
2026-06-10 09:30:03,427 [  14861]   INFO - #c.i.w.i.i.j.s.JpsProjectModelSynchronizer - Attempt 1: Changes were successfully applied
2026-06-10 09:30:03,461 [  14895]   INFO - #o.j.q.s.i.r.ConsoleLog - Project JDK 'openjdk-26' specified in misc.xml not found in table, attempting to resolve...
2026-06-10 09:30:03,461 [  14895]   INFO - STDOUT - Project JDK 'openjdk-26' specified in misc.xml not found in table, attempting to resolve...
2026-06-10 09:30:03,464 [  14898]   INFO - #c.i.p.c.ProjectCodeStyleSettingsManager - Initialized from default code style settings.
2026-06-10 09:30:03,483 [  14917]   INFO - #c.i.o.p.i.j.JdkAuto - Looking for a local SDK for JDK with name openjdk-26
2026-06-10 09:30:03,505 [  14939]   INFO - #c.i.o.p.i.j.JdkAuto - The following local JDKs were found: [/opt/idea/jbr, 25.0.3, 25]
2026-06-10 09:30:03,507 [  14941]   INFO - #c.i.o.p.i.j.JdkAuto - Looking for a possible download for JDK with name openjdk-26 ; JdkRequirement:{ JdkRequirement { openjdk && it >= 26 && same major version }, homePredicate: org.jetbrains.qodana.jvm.java.QodanaJdkLookupKt$$Lambda/0x00003f00016a8000@2edc7f89}
2026-06-10 09:30:13,931 [  25365]   INFO - #c.i.u.i.UnindexedFilesScanner - First scanning is not yet requested (project=project), current scanning request will be ignored and full scanning on startup will be performed instead.
2026-06-10 09:30:13,931 [  25365]   INFO - #c.i.w.i.i.EntitiesOrphanageImpl - Update orphanage. 0 modules added
2026-06-10 09:30:13,932 [  25366]   INFO - #c.i.w.i.i.WorkspaceModelImpl - Project model for project project (locationHash=15375f63) updated to version 3 in 6 ms: Sync global entities with project: project
2026-06-10 09:30:13,932 [  25366]   INFO - #c.i.w.i.i.GlobalWorkspaceModel - During global workspace model update the changes were also applied to project: project
2026-06-10 09:30:13,932 [  25366]   INFO - #c.i.w.i.i.GlobalWorkspaceModel - Global model updated to version 2 in 11 ms: Adding SDK: openjdk-26 JavaSDK
2026-06-10 09:30:13,932 [  25366]   INFO - #o.j.q.s.i.r.ConsoleLog - JDK 'openjdk-26' resolution complete
2026-06-10 09:30:13,932 [  25366]   INFO - STDOUT - JDK 'openjdk-26' resolution complete
2026-06-10 09:30:13,951 [  25385]   INFO - #c.i.u.i.UnindexedFilesScanner - First scanning is not yet requested (project=project), current scanning request will be ignored and full scanning on startup will be performed instead.
2026-06-10 09:30:13,951 [  25385]   INFO - #c.i.w.i.i.EntitiesOrphanageImpl - Update orphanage. 0 modules added
2026-06-10 09:30:13,952 [  25386]   INFO - #c.i.w.i.i.WorkspaceModelImpl - Project model for project project (locationHash=15375f63) updated to version 4 in 7 ms: Module model commit
2026-06-10 09:30:13,979 [  25413]   INFO - #c.i.u.i.UnindexedFilesScanner - First scanning is not yet requested (project=project), current scanning request will be ignored and full scanning on startup will be performed instead.
2026-06-10 09:30:13,980 [  25414]   INFO - #c.i.u.i.UnindexedFilesScanner - First scanning is not yet requested (project=project), current scanning request will be ignored and full scanning on startup will be performed instead.
2026-06-10 09:30:13,981 [  25415]   INFO - #c.i.w.i.i.EntitiesOrphanageImpl - Update orphanage. 0 modules added
2026-06-10 09:30:13,982 [  25416]   INFO - #c.i.o.a.i.NonBlockingReadActionImpl - OTel monitoring for NonBlockingReadAction is enabled
2026-06-10 09:30:13,985 [  25419]   INFO - #c.i.w.i.i.WorkspaceModelImpl - Project model for project project (locationHash=15375f63) updated to version 5 in 19 ms: Root model commit
2026-06-10 09:30:13,988 [  25422]   INFO - #c.i.w.i.i.WorkspaceModelImpl - Workspace model update attempt 1/3, updater took 1 ms: Add project root /data/project to project project  (project=project, locationHash=15375f63)
2026-06-10 09:30:13,998 [  25432]   INFO - #c.i.u.i.UnindexedFilesScanner - First scanning is not yet requested (project=project), current scanning request will be ignored and full scanning on startup will be performed instead.
2026-06-10 09:30:13,998 [  25432]   INFO - #c.i.w.i.i.EntitiesOrphanageImpl - Update orphanage. 0 modules added
2026-06-10 09:30:13,999 [  25433]   INFO - #c.i.w.i.i.WorkspaceModelImpl - Project model for project project (locationHash=15375f63) updated to version 6: Add project root /data/project to project project
2026-06-10 09:30:14,000 [  25434]   INFO - #c.i.w.i.i.WorkspaceModelImpl - Workspace model updated in 12 ms: Add project root /data/project to project project (project=project, locationHash=15375f63)
2026-06-10 09:30:14,000 [  25434]   INFO - #c.i.o.p.i.ProjectManagerImpl - Project project was added to the list of open projects
2026-06-10 09:30:14,007 [  25441]   WARN - #training.lang.LangManager - No default language for Qodana for JVM. Selected JAVA.
2026-06-10 09:30:14,010 [  25444]   INFO - PerformancePlugin - Performance Plugin is in silent mode
2026-06-10 09:30:14,016 [  25450]   INFO - #c.i.u.s.JBUIScale - Computed user scale factor: 1.0 (IDE-managed HiDPI)
2026-06-10 09:30:14,026 [  25460]   INFO - #c.i.o.p.MergingQueueGuiExecutor - Running task: (dumb mode task) com.intellij.openapi.project.InitialDumbTaskRequiredForSmartMode@5f29d395
2026-06-10 09:30:14,027 [  25461]   INFO - #c.i.o.p.DumbServiceMergingTaskQueue - Initializing DumbServiceMergingTaskQueue...
2026-06-10 09:30:14,030 [  25464]   INFO - #c.i.o.p.InitialDumbTaskRequiredForSmartMode - Running task required for smart mode: com.intellij.util.indexing.ProjectFileBasedIndexStartupActivity@dca7598
2026-06-10 09:30:14,030 [  25464]   INFO - STDOUT - 'dumb-mode' is in progress...
2026-06-10 09:30:14,032 [  25466]   INFO - #c.i.u.i.FileBasedIndexImpl - Indexes are already loaded
2026-06-10 09:30:14,034 [  25468]   INFO - #c.i.u.i.p.IncrementalProjectIndexableFilesFilterHolder - PersistentProjectIndexableFilesFilterFactory is chosen as indexable files filter factory for project: project
2026-06-10 09:30:14,038 [  25472]   INFO - #c.i.u.i.FileBasedIndexImpl - Indexes are already loaded
2026-06-10 09:30:14,141 [  25575]   INFO - #c.i.u.i.d.AppIndexingDependenciesService - Invalidating all indexing flags. Reason: App fingerprint changed: FingerprintImpl(fingerprint=0) to FingerprintImpl(fingerprint=7112153124595622390)
2026-06-10 09:30:14,153 [  25587]   INFO - #c.i.o.v.i.p.NewMappings - VCS Root: [Git] - [<Project>]
2026-06-10 09:30:14,179 [  25613]   INFO - #c.i.w.i.i.EntitiesOrphanageImpl - Update orphanage. 0 modules added
2026-06-10 09:30:14,180 [  25614]   INFO - #c.i.w.i.i.WorkspaceModelImpl - Project model for project project (locationHash=15375f63) updated to version 7 in 136 ms: ConstantEntitiesCheckActivity
2026-06-10 09:30:14,180 [  25614]   INFO - #c.i.o.p.UnindexedFilesScannerExecutor - [15375f63] Running task: com.intellij.util.indexing.UnindexedFilesScannerExecutorImpl$ScheduledScanningTask@4ac8221e
2026-06-10 09:30:14,180 [  25614]   INFO - #c.i.o.p.UnindexedFilesScannerExecutor - [15375f63] Skipping task: com.intellij.util.indexing.UnindexedFilesScannerExecutorImpl$ScheduledScanningTask@4ac8221e
2026-06-10 09:30:14,182 [  25616]   INFO - #c.i.u.i.UnindexedFilesScanner - Full scanning on startup will NOT be skipped for project [project] because of following unsatisfied conditions:
FILTER_IS_NOT_UP_TO_DATE: Persistent indexable files filter is NOT up-to-date because of following unsatisfied conditions: [IS_FILTER_LOADED_FROM_DISK, FILTER_IS_NOT_INVALIDATED, INDEXING_REQUEST_ID_DID_NOT_CHANGE_AFTER_LAST_SCANNING]
2026-06-10 09:30:14,183 [  25617]   INFO - #c.i.o.p.InitialDumbTaskRequiredForSmartMode - Finished task required for smart mode: com.intellij.util.indexing.ProjectFileBasedIndexStartupActivity@dca7598
2026-06-10 09:30:14,184 [  25618]   INFO - #c.i.o.p.InitialDumbTaskRequiredForSmartMode - Running task required for smart mode: com.intellij.util.indexing.FileBasedIndexInfrastructureExtensionStartup@7dda237d
2026-06-10 09:30:14,184 [  25618]   INFO - #c.i.o.p.InitialDumbTaskRequiredForSmartMode - Finished task required for smart mode: com.intellij.util.indexing.FileBasedIndexInfrastructureExtensionStartup@7dda237d
2026-06-10 09:30:14,184 [  25618]   INFO - #c.i.o.p.InitialDumbTaskRequiredForSmartMode - Running task required for smart mode: com.intellij.util.indexing.DumbModeWhileScanningSubscriber@54751a7b
2026-06-10 09:30:14,185 [  25619]   INFO - #c.i.o.p.UnindexedFilesScannerExecutor - [15375f63] Running task: com.intellij.util.indexing.UnindexedFilesScannerExecutorImpl$ScheduledScanningTask@7e520694
2026-06-10 09:30:14,185 [  25619]   INFO - #c.i.o.p.InitialDumbTaskRequiredForSmartMode - Finished task required for smart mode: com.intellij.util.indexing.DumbModeWhileScanningSubscriber@54751a7b
2026-06-10 09:30:14,185 [  25619]   INFO - #c.i.o.p.InitialDumbTaskRequiredForSmartMode - Running task required for smart mode: com.intellij.ide.projectWizard.generators.SdkPreIndexingRequiredForSmartModeActivity@7e936b26
2026-06-10 09:30:14,186 [  25620]   INFO - #c.i.o.p.InitialDumbTaskRequiredForSmartMode - Finished task required for smart mode: com.intellij.ide.projectWizard.generators.SdkPreIndexingRequiredForSmartModeActivity@7e936b26
2026-06-10 09:30:14,187 [  25621]   INFO - #c.i.o.p.MergingQueueGuiExecutor - Task finished: (dumb mode task) com.intellij.openapi.project.InitialDumbTaskRequiredForSmartMode@5f29d395
2026-06-10 09:30:14,194 [  25628]   INFO - #c.i.u.i.UnindexedFilesScanner - [15375f63] scanning stage (scanning id=0): DelayedPushProperties
2026-06-10 09:30:14,221 [  25655]   INFO - #c.i.o.e.s.p.m.ExternalProjectsDataStorage - Load external projects data in 5 millis (read time: 4)
2026-06-10 09:30:14,242 [  25676]   INFO - #c.i.u.i.FileBasedIndexImpl - Indexes are already loaded
2026-06-10 09:30:14,242 [  25676]   INFO - #c.i.u.i.UnindexedFilesScanner - [15375f63] Started scanning for indexing of [project]. Reason: On project open
2026-06-10 09:30:14,243 [  25677]   INFO - #c.i.u.i.UnindexedFilesScanner - [15375f63] scanning stage (scanning id=0): CreatingIterators
2026-06-10 09:30:14,247 [  25681]   INFO - #c.i.i.s.IdeStartupScripts - 0 startup script(s) found
2026-06-10 09:30:14,254 [  25688]   INFO - #c.i.d.PerformanceWatcherImpl - Post-startup activities under progress took 236ms; general responsiveness: ok; EDT responsiveness: ok
2026-06-10 09:30:14,258 [  25692]   INFO - #c.i.o.p.DumbServiceImpl - exit dumb mode [project]
2026-06-10 09:30:14,275 [  25709]   INFO - #git4idea.commands.GitHandler - [/data/project] git -c core.quotepath=false -c log.showSignature=false version
2026-06-10 09:30:14,280 [  25714]   WARN - #o.j.i.maven - MavenProjectsTree is inconsistent, auto import disabled = false
2026-06-10 09:30:14,280 [  25714]   INFO - #o.j.i.maven - Updating index list for project Project(name=project, containerState=COMPONENT_CREATED, componentStore=/data/project)
2026-06-10 09:30:14,281 [  25715]   INFO - #o.j.i.maven - updating index list for Project(name=project, containerState=COMPONENT_CREATED, componentStore=/data/project) - will add repository local:local:/data/cache/.m2, before was null
2026-06-10 09:30:14,282 [  25716]   WARN - #o.j.i.maven - updateAllMavenProjects started: incremental=false, MavenProjectsManager.onProjectStartup project
2026-06-10 09:30:14,283 [  25717]   INFO - #c.i.c.CompilerWorkspaceConfiguration - Available processors: 16
2026-06-10 09:30:14,283 [  25717]   INFO - #o.j.i.maven - Starting update maven index for local:local:/data/cache/.m2
2026-06-10 09:30:14,286 [  25720]   INFO - #o.j.i.maven - GAV index updated for repo /data/cache/.m2, 0 files processed in 0 groups in 0 millis, succeed = true
2026-06-10 09:30:14,293 [  25727]   INFO - #git4idea.commands.GitHandler - git version 2.47.3
2026-06-10 09:30:14,293 [  25727]   INFO - #git4idea.config.GitExecutableFileTester - Git version for /usr/bin/git: 2.47.3.0 (UNIX)
2026-06-10 09:30:14,305 [  25739]   INFO - #c.i.o.v.i.p.NewMappings - Mapped Roots: 1
2026-06-10 09:30:14,305 [  25739]   INFO - #c.i.o.v.i.p.NewMappings - Detected mapped Root: [Git] - [/data/project]
2026-06-10 09:30:14,317 [  25751]   INFO - #c.i.u.i.UnindexedFilesScanner - [15375f63] scanning stage (scanning id=0): CollectingIndexableFiles
2026-06-10 09:30:14,319 [  25753]   INFO - #c.i.u.i.UnindexedFilesScanner - Scanning of [project] uses 16 scanning threads
2026-06-10 09:30:14,401 [  25835]   INFO - #c.i.p.i.c.i.i.JavaIdIndexer - skipSourceFilesInLibraries: false (registry: 'ide.index.id.skip.java.sources.in.libs')
2026-06-10 09:30:14,403 [  25837]   INFO - #c.i.p.i.c.i.i.JavaIdIndexer - skipSourceFilesInLibraries: false (registry: 'ide.index.id.skip.java.sources.in.libs')
2026-06-10 09:30:14,406 [  25840]   INFO - #c.i.u.i.IndexingReasonExplanationLogger - Scheduling indexing of module-info.class (id=1025) by request of indexes: [bytecodeAnalysis->NOT_INDEXED(not indexed),org.jetbrains.kotlin.idea.versions.KotlinJvmMetadataVersionIndex->NOT_INDEXED(not indexed),org.jetbrains.kotlin.idea.vfilefinder.KotlinClassFileIndex->NOT_INDEXED(not indexed),KotlinTopLevelCallableByPackageShortNameIndex->NOT_INDEXED(not indexed),org.jetbrains.kotlin.idea.vfilefinder.KotlinPartialPackageNamesIndex->NOT_INDEXED(not indexed),KotlinTopLevelClassLikeDeclarationByPackageShortNameIndex->NOT_INDEXED(not indexed),KotlinBinaryRootToPackageIndex->NOT_INDEXED(not indexed),filetypes->NOT_INDEXED(not indexed),Stubs->NOT_INDEXED(not indexed),]. Scanner has updated file module-info.class (id=1025) with appliers: [SingleIndexValueApplier{indexId=filetypes, inputId=1025, fileInfo='module-info.class(id=1025)'}] and removers: []; 
2026-06-10 09:30:14,406 [  25840]   INFO - #c.i.u.i.IndexingReasonExplanationLogger - Scheduling indexing of module-info.class (id=1027) by request of indexes: [bytecodeAnalysis->NOT_INDEXED(not indexed),org.jetbrains.kotlin.idea.versions.KotlinJvmMetadataVersionIndex->NOT_INDEXED(not indexed),org.jetbrains.kotlin.idea.vfilefinder.KotlinClassFileIndex->NOT_INDEXED(not indexed),KotlinTopLevelCallableByPackageShortNameIndex->NOT_INDEXED(not indexed),org.jetbrains.kotlin.idea.vfilefinder.KotlinPartialPackageNamesIndex->NOT_INDEXED(not indexed),KotlinTopLevelClassLikeDeclarationByPackageShortNameIndex->NOT_INDEXED(not indexed),KotlinBinaryRootToPackageIndex->NOT_INDEXED(not indexed),filetypes->NOT_INDEXED(not indexed),Stubs->NOT_INDEXED(not indexed),]. Scanner has updated file module-info.class (id=1027) with appliers: [SingleIndexValueApplier{indexId=filetypes, inputId=1027, fileInfo='module-info.class(id=1027)'}] and removers: []; 
2026-06-10 09:30:14,407 [  25841]   INFO - #c.i.u.i.IndexingReasonExplanationLogger - Scheduling indexing of collections.kotlin_builtins (id=925) by request of indexes: [org.jetbrains.kotlin.idea.vfilefinder.KotlinBuiltInsMetadataIndex->NOT_INDEXED(not indexed),org.jetbrains.kotlin.idea.vfilefinder.KotlinMetadataFileIndex->NOT_INDEXED(not indexed),org.jetbrains.kotlin.idea.vfilefinder.KotlinMetadataFilePackageIndex->NOT_INDEXED(not indexed),KotlinTopLevelCallableByPackageShortNameIndex->NOT_INDEXED(not indexed),org.jetbrains.kotlin.idea.vfilefinder.KotlinPartialPackageNamesIndex->NOT_INDEXED(not indexed),KotlinTopLevelClassLikeDeclarationByPackageShortNameIndex->NOT_INDEXED(not indexed),KotlinBinaryRootToPackageIndex->NOT_INDEXED(not indexed),filetypes->NOT_INDEXED(not indexed),Stubs->NOT_INDEXED(not indexed),]. Scanner has updated file collections.kotlin_builtins (id=925) with appliers: [SingleIndexValueApplier{indexId=filetypes, inputId=925, fileInfo='collections.kotlin_builtins(id=925)'}] and removers: []; 
2026-06-10 09:30:14,410 [  25844]   INFO - #c.i.u.i.IndexingReasonExplanationLogger - Scheduling indexing of ranges.kotlin_builtins (id=927) by request of indexes: [org.jetbrains.kotlin.idea.vfilefinder.KotlinBuiltInsMetadataIndex->NOT_INDEXED(not indexed),org.jetbrains.kotlin.idea.vfilefinder.KotlinMetadataFileIndex->NOT_INDEXED(not indexed),org.jetbrains.kotlin.idea.vfilefinder.KotlinMetadataFilePackageIndex->NOT_INDEXED(not indexed),KotlinTopLevelCallableByPackageShortNameIndex->NOT_INDEXED(not indexed),org.jetbrains.kotlin.idea.vfilefinder.KotlinPartialPackageNamesIndex->NOT_INDEXED(not indexed),KotlinTopLevelClassLikeDeclarationByPackageShortNameIndex->NOT_INDEXED(not indexed),KotlinBinaryRootToPackageIndex->NOT_INDEXED(not indexed),filetypes->NOT_INDEXED(not indexed),Stubs->NOT_INDEXED(not indexed),]. Scanner has updated file ranges.kotlin_builtins (id=927) with appliers: [SingleIndexValueApplier{indexId=filetypes, inputId=927, fileInfo='ranges.kotlin_builtins(id=927)'}] and removers: []; 
2026-06-10 09:30:14,414 [  25848]   INFO - #c.i.u.i.IndexingReasonExplanationLogger - Scheduling indexing of annotation.kotlin_builtins (id=929) by request of indexes: [org.jetbrains.kotlin.idea.vfilefinder.KotlinBuiltInsMetadataIndex->NOT_INDEXED(not indexed),org.jetbrains.kotlin.idea.vfilefinder.KotlinMetadataFileIndex->NOT_INDEXED(not indexed),org.jetbrains.kotlin.idea.vfilefinder.KotlinMetadataFilePackageIndex->NOT_INDEXED(not indexed),KotlinTopLevelCallableByPackageShortNameIndex->NOT_INDEXED(not indexed),org.jetbrains.kotlin.idea.vfilefinder.KotlinPartialPackageNamesIndex->NOT_INDEXED(not indexed),KotlinTopLevelClassLikeDeclarationByPackageShortNameIndex->NOT_INDEXED(not indexed),KotlinBinaryRootToPackageIndex->NOT_INDEXED(not indexed),filetypes->NOT_INDEXED(not indexed),Stubs->NOT_INDEXED(not indexed),]. Scanner has updated file annotation.kotlin_builtins (id=929) with appliers: [SingleIndexValueApplier{indexId=filetypes, inputId=929, fileInfo='annotation.kotlin_builtins(id=929)'}] and removers: []; 
2026-06-10 09:30:14,418 [  25852]   INFO - #c.i.u.i.IndexingReasonExplanationLogger - Scheduling indexing of reflect.kotlin_builtins (id=931) by request of indexes: [org.jetbrains.kotlin.idea.vfilefinder.KotlinBuiltInsMetadataIndex->NOT_INDEXED(not indexed),org.jetbrains.kotlin.idea.vfilefinder.KotlinMetadataFileIndex->NOT_INDEXED(not indexed),org.jetbrains.kotlin.idea.vfilefinder.KotlinMetadataFilePackageIndex->NOT_INDEXED(not indexed),KotlinTopLevelCallableByPackageShortNameIndex->NOT_INDEXED(not indexed),org.jetbrains.kotlin.idea.vfilefinder.KotlinPartialPackageNamesIndex->NOT_INDEXED(not indexed),KotlinTopLevelClassLikeDeclarationByPackageShortNameIndex->NOT_INDEXED(not indexed),KotlinBinaryRootToPackageIndex->NOT_INDEXED(not indexed),filetypes->NOT_INDEXED(not indexed),Stubs->NOT_INDEXED(not indexed),]. Scanner has updated file reflect.kotlin_builtins (id=931) with appliers: [SingleIndexValueApplier{indexId=filetypes, inputId=931, fileInfo='reflect.kotlin_builtins(id=931)'}] and removers: []; 
2026-06-10 09:30:14,422 [  25856]   INFO - #c.i.u.i.IndexingReasonExplanationLogger - Scheduling indexing of internal.kotlin_builtins (id=933) by request of indexes: [org.jetbrains.kotlin.idea.vfilefinder.KotlinBuiltInsMetadataIndex->NOT_INDEXED(not indexed),org.jetbrains.kotlin.idea.vfilefinder.KotlinMetadataFileIndex->NOT_INDEXED(not indexed),org.jetbrains.kotlin.idea.vfilefinder.KotlinMetadataFilePackageIndex->NOT_INDEXED(not indexed),KotlinTopLevelCallableByPackageShortNameIndex->NOT_INDEXED(not indexed),org.jetbrains.kotlin.idea.vfilefinder.KotlinPartialPackageNamesIndex->NOT_INDEXED(not indexed),KotlinTopLevelClassLikeDeclarationByPackageShortNameIndex->NOT_INDEXED(not indexed),KotlinBinaryRootToPackageIndex->NOT_INDEXED(not indexed),filetypes->NOT_INDEXED(not indexed),Stubs->NOT_INDEXED(not indexed),]. Scanner has updated file internal.kotlin_builtins (id=933) with appliers: [SingleIndexValueApplier{indexId=filetypes, inputId=933, fileInfo='internal.kotlin_builtins(id=933)'}] and removers: []; 
2026-06-10 09:30:14,427 [  25861]   INFO - #c.i.u.i.IndexingReasonExplanationLogger - Scheduling indexing of coroutines.kotlin_builtins (id=935) by request of indexes: [org.jetbrains.kotlin.idea.vfilefinder.KotlinBuiltInsMetadataIndex->NOT_INDEXED(not indexed),org.jetbrains.kotlin.idea.vfilefinder.KotlinMetadataFileIndex->NOT_INDEXED(not indexed),org.jetbrains.kotlin.idea.vfilefinder.KotlinMetadataFilePackageIndex->NOT_INDEXED(not indexed),KotlinTopLevelCallableByPackageShortNameIndex->NOT_INDEXED(not indexed),org.jetbrains.kotlin.idea.vfilefinder.KotlinPartialPackageNamesIndex->NOT_INDEXED(not indexed),KotlinTopLevelClassLikeDeclarationByPackageShortNameIndex->NOT_INDEXED(not indexed),KotlinBinaryRootToPackageIndex->NOT_INDEXED(not indexed),filetypes->NOT_INDEXED(not indexed),Stubs->NOT_INDEXED(not indexed),]. Scanner has updated file coroutines.kotlin_builtins (id=935) with appliers: [SingleIndexValueApplier{indexId=filetypes, inputId=935, fileInfo='coroutines.kotlin_builtins(id=935)'}] and removers: []; 
2026-06-10 09:30:14,431 [  25865]   INFO - #c.i.u.i.IndexingReasonExplanationLogger - Scheduling indexing of atomics.kotlin_builtins (id=938) by request of indexes: [org.jetbrains.kotlin.idea.vfilefinder.KotlinBuiltInsMetadataIndex->NOT_INDEXED(not indexed),org.jetbrains.kotlin.idea.vfilefinder.KotlinMetadataFileIndex->NOT_INDEXED(not indexed),org.jetbrains.kotlin.idea.vfilefinder.KotlinMetadataFilePackageIndex->NOT_INDEXED(not indexed),KotlinTopLevelCallableByPackageShortNameIndex->NOT_INDEXED(not indexed),org.jetbrains.kotlin.idea.vfilefinder.KotlinPartialPackageNamesIndex->NOT_INDEXED(not indexed),KotlinTopLevelClassLikeDeclarationByPackageShortNameIndex->NOT_INDEXED(not indexed),KotlinBinaryRootToPackageIndex->NOT_INDEXED(not indexed),filetypes->NOT_INDEXED(not indexed),Stubs->NOT_INDEXED(not indexed),]. Scanner has updated file atomics.kotlin_builtins (id=938) with appliers: [SingleIndexValueApplier{indexId=filetypes, inputId=938, fileInfo='atomics.kotlin_builtins(id=938)'}] and removers: []; 
2026-06-10 09:30:14,435 [  25869]   INFO - #c.i.u.i.IndexingReasonExplanationLogger - Scheduling indexing of kotlin.kotlin_builtins (id=923) by request of indexes: [org.jetbrains.kotlin.idea.vfilefinder.KotlinBuiltInsMetadataIndex->NOT_INDEXED(not indexed),org.jetbrains.kotlin.idea.vfilefinder.KotlinMetadataFileIndex->NOT_INDEXED(not indexed),org.jetbrains.kotlin.idea.vfilefinder.KotlinMetadataFilePackageIndex->NOT_INDEXED(not indexed),KotlinTopLevelCallableByPackageShortNameIndex->NOT_INDEXED(not indexed),org.jetbrains.kotlin.idea.vfilefinder.KotlinPartialPackageNamesIndex->NOT_INDEXED(not indexed),KotlinTopLevelClassLikeDeclarationByPackageShortNameIndex->NOT_INDEXED(not indexed),KotlinBinaryRootToPackageIndex->NOT_INDEXED(not indexed),filetypes->NOT_INDEXED(not indexed),Stubs->NOT_INDEXED(not indexed),]. Scanner has updated file kotlin.kotlin_builtins (id=923) with appliers: [SingleIndexValueApplier{indexId=filetypes, inputId=923, fileInfo='kotlin.kotlin_builtins(id=923)'}] and removers: []; 
2026-06-10 09:30:14,449 [  25883]   WARN - #c.i.v.g.r.GitRepositoriesHolder - State of repository RepositoryId(projectId=ProjectId#m3oon8i8tf8cifa7rb85, rootPath=/data/project) is not synchronized. Known repositories are: 
2026-06-10 09:30:14,499 [  25933]   INFO - #c.i.u.i.IndexingReasonExplanationLogger - Scanner has updated file favicon.ico (id=3699) with appliers: [SingleIndexValueApplier{indexId=filetypes, inputId=3699, fileInfo='favicon.ico(id=3699)'}] and removers: []; 
2026-06-10 09:30:14,668 [  26102]   INFO - #o.j.i.maven - preimport statistics: linked: 1 of 1 with total 1 modules interpolated 2 of 2, 0 modules added. This statistics calculated for 0 millis
2026-06-10 09:30:14,675 [  26109]   INFO - #c.i.u.i.IndexingReasonExplanationLogger - Scanner has updated file vcs.xml (id=3812) with appliers: [SingleIndexValueApplier{indexId=filetypes, inputId=3812, fileInfo='vcs.xml(id=3812)'}] and removers: []; 
2026-06-10 09:30:14,675 [  26109]   INFO - #c.i.u.i.IndexingReasonExplanationLogger - Scanner has updated file misc.xml (id=3809) with appliers: [SingleIndexValueApplier{indexId=filetypes, inputId=3809, fileInfo='misc.xml(id=3809)'}] and removers: []; 
2026-06-10 09:30:14,676 [  26110]   INFO - #c.i.u.i.IndexingReasonExplanationLogger - Scanner has updated file junie.xml (id=3813) with appliers: [SingleIndexValueApplier{indexId=filetypes, inputId=3813, fileInfo='junie.xml(id=3813)'}] and removers: []; 
2026-06-10 09:30:14,676 [  26110]   INFO - #c.i.u.i.IndexingReasonExplanationLogger - Scanner has updated file .gitignore (id=3811) with appliers: [SingleIndexValueApplier{indexId=filetypes, inputId=3811, fileInfo='.gitignore(id=3811)'}] and removers: []; 
2026-06-10 09:30:14,676 [  26110]   INFO - #c.i.u.i.IndexingReasonExplanationLogger - Scanner has updated file compiler.xml (id=3815) with appliers: [SingleIndexValueApplier{indexId=filetypes, inputId=3815, fileInfo='compiler.xml(id=3815)'}] and removers: []; 
2026-06-10 09:30:14,676 [  26110]   INFO - #c.i.u.i.IndexingReasonExplanationLogger - Scanner has updated file workspace.xml (id=3810) with appliers: [SingleIndexValueApplier{indexId=filetypes, inputId=3810, fileInfo='workspace.xml(id=3810)'}] and removers: []; 
2026-06-10 09:30:14,676 [  26110]   INFO - #c.i.u.i.IndexingReasonExplanationLogger - Scanner has updated file jarRepositories.xml (id=3814) with appliers: [SingleIndexValueApplier{indexId=filetypes, inputId=3814, fileInfo='jarRepositories.xml(id=3814)'}] and removers: []; 
2026-06-10 09:30:14,677 [  26111]   INFO - #o.j.i.maven - Importing Maven project using Workspace API
2026-06-10 09:30:14,684 [  26118]   INFO - #c.i.u.i.IndexingReasonExplanationLogger - Scanner has updated file qodana.sarif.json (id=5570) with appliers: [SingleIndexValueApplier{indexId=filetypes, inputId=5570, fileInfo='qodana.sarif.json(id=5570)'}] and removers: []; 
2026-06-10 09:30:14,686 [  26120]   INFO - #c.i.u.i.IndexingReasonExplanationLogger - Scanner has updated file favicon.ico (id=4138) with appliers: [SingleIndexValueApplier{indexId=filetypes, inputId=4138, fileInfo='favicon.ico(id=4138)'}] and removers: []; 
2026-06-10 09:30:14,751 [  26185]   INFO - #c.i.w.i.i.WorkspaceModelImpl - Workspace model update attempt 1/3, updater took 9 ms: Maven update project model  (project=project, locationHash=15375f63)
2026-06-10 09:30:14,754 [  26188]   INFO - #c.i.o.p.i.ProgressManagerImpl - checkCancelled is invoked while write-action is pending. nonCancellable: false, hasProgressIndicator: false, hasContextJob: true, hasNoneBehavior: false, hasOnlyHooksBehavior: true, cancelled: false
2026-06-10 09:30:14,755 [  26189]   INFO - STDOUT - [IDE]: Task 'Resolving SDKs…' started
2026-06-10 09:30:14,756 [  26190]   INFO - STDOUT - [IDE]: Validating existing SDKs
2026-06-10 09:30:14,798 [  26232]   INFO - #c.i.w.i.i.EntitiesOrphanageImpl - Update orphanage. 0 modules added
2026-06-10 09:30:14,800 [  26234]   INFO - #c.i.w.i.i.WorkspaceModelImpl - Project model for project project (locationHash=15375f63) updated to version 8: Maven update project model
2026-06-10 09:30:14,800 [  26234]   INFO - #c.i.w.i.i.WorkspaceModelImpl - Workspace model updated in 59 ms: Maven update project model (project=project, locationHash=15375f63)
2026-06-10 09:30:14,810 [  26244]   INFO - STDOUT - [IDE]: Task 'Resolving SDKs…' ended in 48 ms
2026-06-10 09:30:14,816 [  26250]   INFO - #o.j.i.m.i.w.WorkspaceProjectImporter - Project model updated to version 8 (attempts: 0, previous version: 7)
2026-06-10 09:30:14,820 [  26254]   INFO - #o.j.i.maven - [maven import] applying models to workspace model took 143ms
2026-06-10 09:30:14,882 [  26316]   INFO - #c.i.e.r.RemoteProcessSupport - Starring remote process. Existing info not found, creating PendingInfo:<DeferredCoroutine{Active}@a87ae9e,>
2026-06-10 09:30:14,885 [  26319]   INFO - #o.j.i.maven - Using extension org.jetbrains.idea.maven.maven3.Maven3Support@3ef96fa6 to start MavenServer
2026-06-10 09:30:14,908 [  26342]   INFO - #c.i.e.r.RemoteProcessSupport - Remote process system:/root/.jdks/openjdk-26.0.1/bin/java -Djava.awt.headless=true -Dmaven.defaultProjectBuilder.disableGlobalModelCache=true -Ddelegate.ssl.to.ide=true -Didea.version=2026.2 -Didea.maven.embedder.version=3.9.16 -Xmx768m -Dsun.rmi.server.exceptionTrace=true -Dmaven.ext.class.path=/opt/idea/plugins/maven-plugin/lib/intellij.maven.rt/maven-event-listener.jar -Dfile.encoding=UTF-8 -Dsun.stdout.encoding=UTF-8 -Dsun.stderr.encoding=UTF-8 -classpath /opt/idea/plugins/maven-plugin/lib/intellij.maven.model.jar:/opt/idea/plugins/maven-plugin/lib/maven-server.jar:/opt/idea/plugins/maven-plugin/lib/intellij.maven.rt/maven-event-listener.jar:/opt/idea/lib/intellij.libraries.opentelemetry.jar:/opt/idea/plugins/maven-plugin/lib/intellij.maven.server3/maven3-server.jar:/opt/idea/plugins/maven-plugin/lib/intellij.maven.server3/archetype-catalog-2.2.jar:/opt/idea/plugins/maven-plugin/lib/intellij.maven.server3/archetype-common-2.2.jar:/opt/idea/plugins/maven-plugin/lib/intellij.maven.server3/archetype-descriptor-2.2.jar:/opt/idea/plugins/maven-plugin/lib/intellij.maven.server3/nexus-indexer-3.0.4.jar:/opt/idea/plugins/maven-plugin/lib/intellij.maven.server3/maven-server-telemetry.jar:/opt/idea/plugins/maven-plugin/lib/intellij.maven.server3/maven3-server-common.jar:/opt/idea/plugins/maven-plugin/lib/intellij.maven.server3/nexus-indexer-artifact-1.0.1.jar:/opt/idea/plugins/maven-plugin/lib/intellij.maven.server3/maven-dependency-tree-1.2.jar:/opt/idea/plugins/maven-plugin/lib/intellij.maven.server3/lucene-core-2.4.1.jar:/opt/idea/plugins/maven-plugin/lib/intellij.maven.server3/jackson-core-2.16.0.jar:/opt/idea/plugins/maven-plugin/lib/intellij.maven.server36/maven36-server.jar:/opt/idea/plugins/maven-plugin/lib/maven3/lib/maven-resolver-transport-file-1.9.27.jar:/opt/idea/plugins/maven-plugin/lib/maven3/lib/javax.annotation-api-1.3.2.jar:/opt/idea/plugins/maven-plugin/lib/maven3/lib/maven-resolver-named-locks-1.9.27.jar:/opt/idea/plugins/maven-plugin/lib/maven3/lib/javax.inject-1.jar:/opt/idea/plugins/maven-plugin/lib/maven3/lib/maven-resolver-connector-basic-1.9.27.jar:/opt/idea/plugins/maven-plugin/lib/maven3/lib/maven-embedder-3.9.16.jar:/opt/idea/plugins/maven-plugin/lib/maven3/lib/maven-artifact-3.9.16.jar:/opt/idea/plugins/maven-plugin/lib/maven3/lib/error_prone_annotations-2.41.0.jar:/opt/idea/plugins/maven-plugin/lib/maven3/lib/plexus-utils-3.6.1.jar:/opt/idea/plugins/maven-plugin/lib/maven3/lib/maven-resolver-api-1.9.27.jar:/opt/idea/plugins/maven-plugin/lib/maven3/lib/maven-repository-metadata-3.9.16.jar:/opt/idea/plugins/maven-plugin/lib/maven3/lib/failureaccess-1.0.3.jar:/opt/idea/plugins/maven-plugin/lib/maven3/lib/maven-core-3.9.16.jar:/opt/idea/plugins/maven-plugin/lib/maven3/lib/maven-shared-utils-3.4.2.jar:/opt/idea/plugins/maven-plugin/lib/maven3/lib/wagon-file-3.5.3.jar:/opt/idea/plugins/maven-plugin/lib/maven3/lib/httpclient-4.5.14.jar:/opt/idea/plugins/maven-plugin/lib/maven3/lib/plexus-component-annotations-2.2.0.jar:/opt/idea/plugins/maven-plugin/lib/maven3/lib/maven-settings-3.9.16.jar:/opt/idea/plugins/maven-plugin/lib/maven3/lib/maven-resolver-transport-wagon-1.9.27.jar:/opt/idea/plugins/maven-plugin/lib/maven3/lib/maven-model-3.9.16.jar:/opt/idea/plugins/maven-plugin/lib/maven3/lib/wagon-provider-api-3.5.3.jar:/opt/idea/plugins/maven-plugin/lib/maven3/lib/maven-resolver-util-1.9.27.jar:/opt/idea/plugins/maven-plugin/lib/maven3/lib/guice-5.1.0-classes.jar:/opt/idea/plugins/maven-plugin/lib/maven3/lib/wagon-http-3.5.3.jar:/opt/idea/plugins/maven-plugin/lib/maven3/lib/plexus-sec-dispatcher-2.0.jar:/opt/idea/plugins/maven-plugin/lib/maven3/lib/maven-plugin-api-3.9.16.jar:/opt/idea/plugins/maven-plugin/lib/maven3/lib/wagon-http-shared-3.5.3.jar:/opt/idea/plugins/maven-plugin/lib/maven3/lib/slf4j-api-1.7.36.jar:/opt/idea/plugins/maven-plugin/lib/maven3/lib/org.eclipse.sisu.inject-1.0.0.jar:/opt/idea/plugins/maven-plugin/lib/maven3/lib/maven-builder-support-3.9.16.jar:/opt/idea/plugins/maven-plugin/lib/maven3/lib/jspecify-1.0.0.jar:/opt/idea/plugins/maven-plugin/lib/maven3/lib/jansi-2.4.3.jar:/opt/idea/plugins/maven-plugin/lib/maven3/lib/maven-resolver-provider-3.9.16.jar:/opt/idea/plugins/maven-plugin/lib/maven3/lib/maven-resolver-impl-1.9.27.jar:/opt/idea/plugins/maven-plugin/lib/maven3/lib/maven-resolver-spi-1.9.27.jar:/opt/idea/plugins/maven-plugin/lib/maven3/lib/maven-settings-builder-3.9.16.jar:/opt/idea/plugins/maven-plugin/lib/maven3/lib/commons-cli-1.11.0.jar:/opt/idea/plugins/maven-plugin/lib/maven3/lib/gson-2.13.2.jar:/opt/idea/plugins/maven-plugin/lib/maven3/lib/maven-resolver-transport-http-1.9.27.jar:/opt/idea/plugins/maven-plugin/lib/maven3/lib/maven-model-builder-3.9.16.jar:/opt/idea/plugins/maven-plugin/lib/maven3/lib/asm-9.9.1.jar:/opt/idea/plugins/maven-plugin/lib/maven3/lib/maven-compat-3.9.16.jar:/opt/idea/plugins/maven-plugin/lib/maven3/lib/plexus-interpolation-1.29.jar:/opt/idea/plugins/maven-plugin/lib/maven3/lib/aopalliance-1.0.jar:/opt/idea/plugins/maven-plugin/lib/maven3/lib/guava-33.6.0-jre.jar:/opt/idea/plugins/maven-plugin/lib/maven3/lib/jcl-over-slf4j-1.7.36.jar:/opt/idea/plugins/maven-plugin/lib/maven3/lib/plexus-cipher-2.0.jar:/opt/idea/plugins/maven-plugin/lib/maven3/lib/httpcore-4.4.16.jar:/opt/idea/plugins/maven-plugin/lib/maven3/lib/commons-codec-1.21.0.jar:/opt/idea/plugins/maven-plugin/lib/maven3/lib/org.eclipse.sisu.plexus-1.0.0.jar:/opt/idea/plugins/maven-plugin/lib/maven3/boot/plexus-classworlds.license:/opt/idea/plugins/maven-plugin/lib/maven3/boot/plexus-classworlds-2.11.0.jar:/opt/idea/lib/util_rt.jar:/opt/idea/lib/annotations.jar:/opt/idea/lib/util-8.jar org.jetbrains.idea.maven.server.RemoteMavenServer36

2026-06-10 09:30:14,909 [  26343]   INFO - #c.i.e.r.RemoteProcessSupport - Staring remote process, startNotified received, creating PendingInfo: <DeferredCoroutine{Active}@a87ae9e,>
2026-06-10 09:30:14,909 [  26343]   INFO - #o.j.i.maven - Sent token to maven server
2026-06-10 09:30:15,125 [  26559]   INFO - #c.i.e.r.RemoteProcessSupport - Started remote process on: 127.0.0.1:18260with service port 44981 and id = Maven36ServerImpld7dab358
2026-06-10 09:30:15,448 [  26882]   INFO - #c.i.u.i.UnindexedFilesScanner - [15375f63] Scanning completed for [project]. Number of scanned files: 43733; number of files for indexing: 43323
2026-06-10 09:30:15,449 [  26883]   INFO - #c.i.o.p.InitialVfsRefreshService - 15375f63: marking roots for initial VFS refresh
2026-06-10 09:30:15,449 [  26883]   INFO - #c.i.o.p.InitialVfsRefreshService - 15375f63: starting initial VFS refresh of 4 roots
2026-06-10 09:30:15,514 [  26948]   INFO - #c.i.o.p.InitialVfsRefreshService - 15375f63: initial VFS refresh finished in 65 ms
2026-06-10 09:30:15,519 [  26953]   INFO - #c.i.o.p.UnindexedFilesScannerExecutor - [15375f63] Task finished (scanning id=0): com.intellij.util.indexing.UnindexedFilesScannerExecutorImpl$ScheduledScanningTask@7e520694
2026-06-10 09:30:15,520 [  26954]   INFO - #c.i.o.p.UnindexedFilesScannerExecutor - [15375f63] Running task: com.intellij.util.indexing.UnindexedFilesScannerExecutorImpl$ScheduledScanningTask@54d52015
2026-06-10 09:30:15,520 [  26954]   INFO - #c.i.u.i.UnindexedFilesScanner - [15375f63] scanning stage (scanning id=1): DelayedPushProperties
2026-06-10 09:30:15,521 [  26955]   INFO - #c.i.u.i.FileBasedIndexImpl - Indexes are already loaded
2026-06-10 09:30:15,521 [  26955]   INFO - #c.i.o.p.DumbServiceImpl - enter dumb mode [project]
2026-06-10 09:30:15,521 [  26955]   INFO - #c.i.o.p.MergingQueueGuiExecutor - Running task: (dumb mode task) UnindexedFilesIndexer[project, reasons: [On project open]]
2026-06-10 09:30:15,527 [  26961]   INFO - #c.i.u.i.UnindexedFilesScanner - [15375f63] Started scanning for indexing of [project]. Reason: Changes from WorkspaceFileIndex (2 iterators)
2026-06-10 09:30:15,527 [  26961]   INFO - #c.i.u.i.UnindexedFilesScanner - [15375f63] scanning stage (scanning id=1): CreatingIterators
2026-06-10 09:30:15,527 [  26961]   INFO - #c.i.u.i.UnindexedFilesScanner - [15375f63] scanning stage (scanning id=1): CollectingIndexableFiles
2026-06-10 09:30:15,527 [  26961]   INFO - #c.i.u.i.UnindexedFilesScanner - Scanning of [project] uses 16 scanning threads
2026-06-10 09:30:15,530 [  26964]   INFO - #c.i.u.i.IndexingReasonExplanationLogger - Scheduling indexing of -e (id=981) by request of indexes: [Trigram.Index->NOT_INDEXED(not indexed),]. 
2026-06-10 09:30:15,532 [  26966]   INFO - #c.i.u.i.IndexingReasonExplanationLogger - Scheduling indexing of -v (id=976) by request of indexes: [Trigram.Index->NOT_INDEXED(not indexed),]. 
2026-06-10 09:30:15,532 [  26966]   INFO - #c.i.u.i.IndexingReasonExplanationLogger - Scheduling indexing of gc.log (id=1054) by request of indexes: [org.jetbrains.kotlin.idea.vfilefinder.KotlinStdlibIndex->NOT_INDEXED(not indexed),Trigram.Index->NOT_INDEXED(not indexed),IdIndex->NOT_INDEXED(not indexed),]. 
2026-06-10 09:30:15,532 [  26966]   INFO - #c.i.u.i.IndexingReasonExplanationLogger - Scheduling indexing of thread-dump-after-project-configuration.txt (id=1174) by request of indexes: [org.jetbrains.kotlin.idea.vfilefinder.KotlinStdlibIndex->NOT_INDEXED(not indexed),Trigram.Index->NOT_INDEXED(not indexed),IdIndex->NOT_INDEXED(not indexed),]. 
2026-06-10 09:30:15,532 [  26966]   INFO - #c.i.u.i.IndexingReasonExplanationLogger - Scheduling indexing of git.log (id=1045) by request of indexes: [org.jetbrains.kotlin.idea.vfilefinder.KotlinStdlibIndex->NOT_INDEXED(not indexed),Trigram.Index->NOT_INDEXED(not indexed),IdIndex->NOT_INDEXED(not indexed),]. 
2026-06-10 09:30:15,532 [  26966]   INFO - #c.i.u.i.IndexingReasonExplanationLogger - Scheduling indexing of gc.log.0 (id=1048) by request of indexes: [org.jetbrains.kotlin.idea.vfilefinder.KotlinStdlibIndex->NOT_INDEXED(not indexed),Trigram.Index->NOT_INDEXED(not indexed),IdIndex->NOT_INDEXED(not indexed),]. 
2026-06-10 09:30:15,532 [  26966]   INFO - #c.i.u.i.IndexingReasonExplanationLogger - Scheduling indexing of idea.log (id=1051) by request of indexes: [org.jetbrains.kotlin.idea.vfilefinder.KotlinStdlibIndex->NOT_INDEXED(not indexed),Trigram.Index->NOT_INDEXED(not indexed),IdIndex->NOT_INDEXED(not indexed),]. 
2026-06-10 09:30:15,533 [  26967]   INFO - #c.i.u.i.IndexingReasonExplanationLogger - Scheduling indexing of open-telemetry-metrics-plotter.html (id=1389) by request of indexes: [Trigram.Index->NOT_INDEXED(not indexed),IdIndex->NOT_INDEXED(not indexed),html5.custom.attributes.index->NOT_INDEXED(not indexed),Stubs->NOT_INDEXED(not indexed),]. 
2026-06-10 09:30:15,533 [  26967]   INFO - #c.i.u.i.IndexingReasonExplanationLogger - Scheduling indexing of open-telemetry-meters.2026-06-10-09-23-07.json (id=1384) by request of indexes: [Trigram.Index->NOT_INDEXED(not indexed),json.file.root.values->NOT_INDEXED(not indexed),IdIndex->NOT_INDEXED(not indexed),]. 
2026-06-10 09:30:15,533 [  26967]   INFO - #c.i.u.i.IndexingReasonExplanationLogger - Scheduling indexing of open-telemetry-meters.2026-06-10-09-24-07.json (id=1385) by request of indexes: [Trigram.Index->NOT_INDEXED(not indexed),json.file.root.values->NOT_INDEXED(not indexed),IdIndex->NOT_INDEXED(not indexed),]. 
2026-06-10 09:30:15,539 [  26973]   INFO - #c.i.u.i.UnindexedFilesScanner - [15375f63] Scanning completed for [project]. Number of scanned files: 97; number of files for indexing: 87
2026-06-10 09:30:15,541 [  26975]   INFO - #c.i.o.p.UnindexedFilesScannerExecutor - [15375f63] Task finished (scanning id=1): com.intellij.util.indexing.UnindexedFilesScannerExecutorImpl$ScheduledScanningTask@54d52015
2026-06-10 09:30:15,541 [  26975]   INFO - #c.i.u.i.FileBasedIndexImpl - Indexes are already loaded
2026-06-10 09:30:15,548 [  26982]   INFO - #c.i.u.i.c.IndexUpdateRunner - Using 16 workers for indexing and 4 for writing indexes
2026-06-10 09:30:15,568 [  27002]   INFO - #git4idea.branch.GitBranchIncomingOutgoingManager - Listing remote info for 1 repositories
2026-06-10 09:30:15,600 [  27034]   WARN - #c.i.e.r.RemoteProcessSupport - Remote process stderr:WARNING: A terminally deprecated method in sun.misc.Unsafe has been called

2026-06-10 09:30:15,600 [  27034]   WARN - #c.i.e.r.RemoteProcessSupport - WARNING: A terminally deprecated method in sun.misc.Unsafe has been called
2026-06-10 09:30:15,600 [  27034]   WARN - #c.i.e.r.RemoteProcessSupport - Remote process stderr:WARNING: sun.misc.Unsafe::staticFieldBase has been called by com.google.inject.internal.aop.HiddenClassDefiner (file:/opt/idea/plugins/maven-plugin/lib/maven3/lib/guice-5.1.0-classes.jar)

2026-06-10 09:30:15,600 [  27034]   WARN - #c.i.e.r.RemoteProcessSupport - WARNING: sun.misc.Unsafe::staticFieldBase has been called by com.google.inject.internal.aop.HiddenClassDefiner (file:/opt/idea/plugins/maven-plugin/lib/maven3/lib/guice-5.1.0-classes.jar)
2026-06-10 09:30:15,600 [  27034]   WARN - #c.i.e.r.RemoteProcessSupport - Remote process stderr:WARNING: Please consider reporting this to the maintainers of class com.google.inject.internal.aop.HiddenClassDefiner

2026-06-10 09:30:15,601 [  27035]   WARN - #c.i.e.r.RemoteProcessSupport - WARNING: Please consider reporting this to the maintainers of class com.google.inject.internal.aop.HiddenClassDefiner
2026-06-10 09:30:15,601 [  27035]   WARN - #c.i.e.r.RemoteProcessSupport - Remote process stderr:WARNING: sun.misc.Unsafe::staticFieldBase will be removed in a future release

2026-06-10 09:30:15,601 [  27035]   WARN - #c.i.e.r.RemoteProcessSupport - WARNING: sun.misc.Unsafe::staticFieldBase will be removed in a future release
2026-06-10 09:30:19,260 [  30694]   INFO - #c.i.w.i.i.WorkspaceModelImpl - Workspace model updated in 0 ms: Add project root /data/project to project project (project=project, locationHash=15375f63)
2026-06-10 09:30:19,266 [  30700]   INFO - #c.i.i.s.DeviceIdManager - Generating new Device ID for 'EA'
2026-06-10 09:30:19,266 [  30700]   INFO - #c.i.d.ReporterIdLoggerActivity - Exception reporter ID: 1006263b58457b6-48da-4b76-ad03-4ed6d79fb234
2026-06-10 09:30:19,272 [  30706]   INFO - #o.j.q.s.QodanaLinterBackgroundStartupActivity - Executed Qodana backgroundPostStartupActivity
2026-06-10 09:30:19,275 [  30709]   INFO - #o.j.p.g.j.IdeVersionedDataUpdater - Updating version compatibility for org.jetbrains.plugins.gradle.jvmcompat.GradleCompatibilitySupportUpdater. Last update was: 0. Update interval: 1d Url to update https://download.jetbrains.com/resources/intellij/plugins/gradle/v1/compatibility.json
2026-06-10 09:30:19,279 [  30713]   INFO - #o.j.j.b.i.CompilerReferenceIndex - backward reference index version doesn't exist
2026-06-10 09:30:19,282 [  30716]   INFO - #c.i.c.b.IsUpToDateCheckStartupActivity - suitable consumer is not found
2026-06-10 09:30:19,443 [  30877]   INFO - #c.i.o.p.i.ProgressManagerImpl - checkCancelled is invoked while write-action is pending. nonCancellable: false, hasProgressIndicator: false, hasContextJob: true, hasNoneBehavior: false, hasOnlyHooksBehavior: true, cancelled: false
2026-06-10 09:30:19,446 [  30880]   INFO - #o.j.i.maven - maven plugin resolution started: [org.apache.maven.plugins:maven-compiler-plugin:3.15.0, org.apache.maven.plugins:maven-site-plugin:3.12.1, org.apache.maven.plugins:maven-resources-plugin:3.4.0, org.apache.maven.plugins:maven-surefire-plugin:3.5.4, org.apache.maven.plugins:maven-jar-plugin:3.5.0, org.apache.maven.plugins:maven-install-plugin:3.1.4, org.apache.maven.plugins:maven-clean-plugin:3.2.0, org.apache.maven.plugins:maven-deploy-plugin:3.1.4]
2026-06-10 09:30:19,451 [  30885]   INFO - #o.j.i.maven - Importing Maven project using Workspace API
2026-06-10 09:30:19,471 [  30905]   INFO - #c.i.w.i.i.WorkspaceModelImpl - Workspace model update attempt 1/3, updater took 6 ms: Maven update project model  (project=project, locationHash=15375f63)
2026-06-10 09:30:19,487 [  30921]   INFO - #c.i.w.i.i.EntitiesOrphanageImpl - Update orphanage. 0 modules added
2026-06-10 09:30:19,487 [  30921]   INFO - #c.i.w.i.i.WorkspaceModelImpl - Project model for project project (locationHash=15375f63) updated to version 9: Maven update project model
2026-06-10 09:30:19,488 [  30922]   INFO - #c.i.w.i.i.WorkspaceModelImpl - Workspace model updated in 23 ms: Maven update project model (project=project, locationHash=15375f63)
2026-06-10 09:30:19,496 [  30930]   INFO - #o.j.i.m.i.w.WorkspaceProjectImporter - Project model updated to version 9 (attempts: 0, previous version: 8)
2026-06-10 09:30:19,497 [  30931]   INFO - #o.j.i.maven - [maven import] applying models to workspace model took 46ms
2026-06-10 09:30:19,499 [  30933]   INFO - #o.j.i.maven - Updating index list for project Project(name=project, containerState=COMPONENT_CREATED, componentStore=/data/project)
2026-06-10 09:30:19,499 [  30933]   INFO - #o.j.i.maven - updating index list for Project(name=project, containerState=COMPONENT_CREATED, componentStore=/data/project) - local:local:/data/cache/.m2 remains the same, nothing to update
2026-06-10 09:30:19,575 [  31009]   INFO - #c.i.o.p.i.ProgressManagerImpl - checkCancelled is invoked while write-action is pending. nonCancellable: false, hasProgressIndicator: false, hasContextJob: true, hasNoneBehavior: true, hasOnlyHooksBehavior: false, cancelled: false
2026-06-10 09:30:19,646 [  31080]   INFO - #o.j.p.g.j.IdeVersionedDataUpdater - IDE versioned data for org.jetbrains.plugins.gradle.jvmcompat.GradleCompatibilitySupportUpdater was updated
2026-06-10 09:30:21,443 [  32877]   INFO - #c.i.u.i.ProjectChangedFilesScanner - Retrieving changed during indexing files of project : 11 to update, calculated in 14ms
2026-06-10 09:30:21,528 [  32962]   INFO - #c.i.u.i.UnindexedFilesIndexer - Finished for project. Unindexed files update took 5985ms; general responsiveness: ok; EDT responsiveness: ok
2026-06-10 09:30:21,529 [  32963]   INFO - #c.i.o.p.MergingQueueGuiExecutor - Task finished: (dumb mode task) UnindexedFilesIndexer[project, reasons: [On project open]]
2026-06-10 09:30:21,529 [  32963]   INFO - #c.i.o.p.MergingQueueGuiExecutor - Running task: (dumb mode task) UnindexedFilesIndexer[project, reasons: [Changes from WorkspaceFileIndex (2 iterators)]]
2026-06-10 09:30:21,529 [  32963]   INFO - #c.i.o.p.UnindexedFilesScannerExecutor - [15375f63] Running task: com.intellij.util.indexing.UnindexedFilesScannerExecutorImpl$ScheduledScanningTask@68b12e4b
2026-06-10 09:30:21,529 [  32963]   INFO - #c.i.u.i.UnindexedFilesScanner - [15375f63] scanning stage (scanning id=2): DelayedPushProperties
2026-06-10 09:30:21,532 [  32966]   INFO - #c.i.u.i.FileBasedIndexImpl - Indexes are already loaded
2026-06-10 09:30:21,533 [  32967]   INFO - #c.i.u.i.UnindexedFilesScanner - [15375f63] Started scanning for indexing of [project]. Reason: Merged Changes from WorkspaceFileIndex (1 iterators) with Changes from WorkspaceFileIndex (4 iterators) with Changes from WorkspaceFileIndex (4 iterators)
2026-06-10 09:30:21,533 [  32967]   INFO - #c.i.u.i.UnindexedFilesScanner - [15375f63] scanning stage (scanning id=2): CreatingIterators
2026-06-10 09:30:21,533 [  32967]   INFO - #c.i.u.i.UnindexedFilesScanner - [15375f63] scanning stage (scanning id=2): CollectingIndexableFiles
2026-06-10 09:30:21,533 [  32967]   INFO - #c.i.u.i.UnindexedFilesScanner - Scanning of [project] uses 16 scanning threads
2026-06-10 09:30:21,536 [  32970]   INFO - #c.i.u.i.IndexingReasonExplanationLogger - Scheduling indexing of Is.class (id=91165) by request of indexes: [bytecodeAnalysis->NOT_INDEXED(not indexed),org.jetbrains.kotlin.idea.versions.KotlinJvmMetadataVersionIndex->NOT_INDEXED(not indexed),org.jetbrains.kotlin.idea.vfilefinder.KotlinClassFileIndex->NOT_INDEXED(not indexed),KotlinTopLevelCallableByPackageShortNameIndex->NOT_INDEXED(not indexed),org.jetbrains.kotlin.idea.vfilefinder.KotlinPartialPackageNamesIndex->NOT_INDEXED(not indexed),KotlinTopLevelClassLikeDeclarationByPackageShortNameIndex->NOT_INDEXED(not indexed),KotlinBinaryRootToPackageIndex->NOT_INDEXED(not indexed),filetypes->NOT_INDEXED(not indexed),Stubs->NOT_INDEXED(not indexed),]. Scanner has updated file Is.class (id=91165) with appliers: [SingleIndexValueApplier{indexId=filetypes, inputId=91165, fileInfo='Is.class(id=91165)'}] and removers: []; 
2026-06-10 09:30:21,536 [  32970]   INFO - #c.i.u.i.IndexingReasonExplanationLogger - Scheduling indexing of NoOpLog.class (id=91173) by request of indexes: [bytecodeAnalysis->NOT_INDEXED(not indexed),org.jetbrains.kotlin.idea.versions.KotlinJvmMetadataVersionIndex->NOT_INDEXED(not indexed),org.jetbrains.kotlin.idea.vfilefinder.KotlinClassFileIndex->NOT_INDEXED(not indexed),KotlinTopLevelCallableByPackageShortNameIndex->NOT_INDEXED(not indexed),org.jetbrains.kotlin.idea.vfilefinder.KotlinPartialPackageNamesIndex->NOT_INDEXED(not indexed),KotlinTopLevelClassLikeDeclarationByPackageShortNameIndex->NOT_INDEXED(not indexed),KotlinBinaryRootToPackageIndex->NOT_INDEXED(not indexed),filetypes->NOT_INDEXED(not indexed),Stubs->NOT_INDEXED(not indexed),]. Scanner has updated file NoOpLog.class (id=91173) with appliers: [SingleIndexValueApplier{indexId=filetypes, inputId=91173, fileInfo='NoOpLog.class(id=91173)'}] and removers: []; 
2026-06-10 09:30:21,536 [  32970]   INFO - #c.i.u.i.IndexingReasonExplanationLogger - Scheduling indexing of AllOf.class (id=91158) by request of indexes: [bytecodeAnalysis->NOT_INDEXED(not indexed),org.jetbrains.kotlin.idea.versions.KotlinJvmMetadataVersionIndex->NOT_INDEXED(not indexed),org.jetbrains.kotlin.idea.vfilefinder.KotlinClassFileIndex->NOT_INDEXED(not indexed),KotlinTopLevelCallableByPackageShortNameIndex->NOT_INDEXED(not indexed),org.jetbrains.kotlin.idea.vfilefinder.KotlinPartialPackageNamesIndex->NOT_INDEXED(not indexed),KotlinTopLevelClassLikeDeclarationByPackageShortNameIndex->NOT_INDEXED(not indexed),KotlinBinaryRootToPackageIndex->NOT_INDEXED(not indexed),filetypes->NOT_INDEXED(not indexed),Stubs->NOT_INDEXED(not indexed),]. Scanner has updated file AllOf.class (id=91158) with appliers: [SingleIndexValueApplier{indexId=filetypes, inputId=91158, fileInfo='AllOf.class(id=91158)'}] and removers: []; 
2026-06-10 09:30:21,536 [  32970]   INFO - #c.i.u.i.IndexingReasonExplanationLogger - Scheduling indexing of AnyOf.class (id=91168) by request of indexes: [bytecodeAnalysis->NOT_INDEXED(not indexed),org.jetbrains.kotlin.idea.versions.KotlinJvmMetadataVersionIndex->NOT_INDEXED(not indexed),org.jetbrains.kotlin.idea.vfilefinder.KotlinClassFileIndex->NOT_INDEXED(not indexed),KotlinTopLevelCallableByPackageShortNameIndex->NOT_INDEXED(not indexed),org.jetbrains.kotlin.idea.vfilefinder.KotlinPartialPackageNamesIndex->NOT_INDEXED(not indexed),KotlinTopLevelClassLikeDeclarationByPackageShortNameIndex->NOT_INDEXED(not indexed),KotlinBinaryRootToPackageIndex->NOT_INDEXED(not indexed),filetypes->NOT_INDEXED(not indexed),Stubs->NOT_INDEXED(not indexed),]. Scanner has updated file AnyOf.class (id=91168) with appliers: [SingleIndexValueApplier{indexId=filetypes, inputId=91168, fileInfo='AnyOf.class(id=91168)'}] and removers: []; 
2026-06-10 09:30:21,537 [  32971]   INFO - #c.i.u.i.IndexingReasonExplanationLogger - Scheduling indexing of Every.class (id=91171) by request of indexes: [bytecodeAnalysis->NOT_INDEXED(not indexed),org.jetbrains.kotlin.idea.versions.KotlinJvmMetadataVersionIndex->NOT_INDEXED(not indexed),org.jetbrains.kotlin.idea.vfilefinder.KotlinClassFileIndex->NOT_INDEXED(not indexed),KotlinTopLevelCallableByPackageShortNameIndex->NOT_INDEXED(not indexed),org.jetbrains.kotlin.idea.vfilefinder.KotlinPartialPackageNamesIndex->NOT_INDEXED(not indexed),KotlinTopLevelClassLikeDeclarationByPackageShortNameIndex->NOT_INDEXED(not indexed),KotlinBinaryRootToPackageIndex->NOT_INDEXED(not indexed),filetypes->NOT_INDEXED(not indexed),Stubs->NOT_INDEXED(not indexed),]. Scanner has updated file Every.class (id=91171) with appliers: [SingleIndexValueApplier{indexId=filetypes, inputId=91171, fileInfo='Every.class(id=91171)'}] and removers: []; 
2026-06-10 09:30:21,537 [  32971]   INFO - #c.i.u.i.IndexingReasonExplanationLogger - Scheduling indexing of SimpleLog.class (id=91172) by request of indexes: [bytecodeAnalysis->NOT_INDEXED(not indexed),org.jetbrains.kotlin.idea.versions.KotlinJvmMetadataVersionIndex->NOT_INDEXED(not indexed),org.jetbrains.kotlin.idea.vfilefinder.KotlinClassFileIndex->NOT_INDEXED(not indexed),KotlinTopLevelCallableByPackageShortNameIndex->NOT_INDEXED(not indexed),org.jetbrains.kotlin.idea.vfilefinder.KotlinPartialPackageNamesIndex->NOT_INDEXED(not indexed),KotlinTopLevelClassLikeDeclarationByPackageShortNameIndex->NOT_INDEXED(not indexed),KotlinBinaryRootToPackageIndex->NOT_INDEXED(not indexed),filetypes->NOT_INDEXED(not indexed),Stubs->NOT_INDEXED(not indexed),]. Scanner has updated file SimpleLog.class (id=91172) with appliers: [SingleIndexValueApplier{indexId=filetypes, inputId=91172, fileInfo='SimpleLog.class(id=91172)'}] and removers: []; 
2026-06-10 09:30:21,537 [  32971]   INFO - #c.i.u.i.IndexingReasonExplanationLogger - Scheduling indexing of IsNot.class (id=91170) by request of indexes: [bytecodeAnalysis->NOT_INDEXED(not indexed),org.jetbrains.kotlin.idea.versions.KotlinJvmMetadataVersionIndex->NOT_INDEXED(not indexed),org.jetbrains.kotlin.idea.vfilefinder.KotlinClassFileIndex->NOT_INDEXED(not indexed),KotlinTopLevelCallableByPackageShortNameIndex->NOT_INDEXED(not indexed),org.jetbrains.kotlin.idea.vfilefinder.KotlinPartialPackageNamesIndex->NOT_INDEXED(not indexed),KotlinTopLevelClassLikeDeclarationByPackageShortNameIndex->NOT_INDEXED(not indexed),KotlinBinaryRootToPackageIndex->NOT_INDEXED(not indexed),filetypes->NOT_INDEXED(not indexed),Stubs->NOT_INDEXED(not indexed),]. Scanner has updated file IsNot.class (id=91170) with appliers: [SingleIndexValueApplier{indexId=filetypes, inputId=91170, fileInfo='IsNot.class(id=91170)'}] and removers: []; 
2026-06-10 09:30:21,537 [  32971]   INFO - #c.i.u.i.IndexingReasonExplanationLogger - Scheduling indexing of Log.class (id=91149) by request of indexes: [bytecodeAnalysis->NOT_INDEXED(not indexed),org.jetbrains.kotlin.idea.versions.KotlinJvmMetadataVersionIndex->NOT_INDEXED(not indexed),org.jetbrains.kotlin.idea.vfilefinder.KotlinClassFileIndex->NOT_INDEXED(not indexed),KotlinTopLevelCallableByPackageShortNameIndex->NOT_INDEXED(not indexed),org.jetbrains.kotlin.idea.vfilefinder.KotlinPartialPackageNamesIndex->NOT_INDEXED(not indexed),KotlinTopLevelClassLikeDeclarationByPackageShortNameIndex->NOT_INDEXED(not indexed),KotlinBinaryRootToPackageIndex->NOT_INDEXED(not indexed),filetypes->NOT_INDEXED(not indexed),Stubs->NOT_INDEXED(not indexed),]. Scanner has updated file Log.class (id=91149) with appliers: [SingleIndexValueApplier{indexId=filetypes, inputId=91149, fileInfo='Log.class(id=91149)'}] and removers: []; 
2026-06-10 09:30:21,537 [  32971]   INFO - #c.i.u.i.IndexingReasonExplanationLogger - Scheduling indexing of IsNull.class (id=91160) by request of indexes: [bytecodeAnalysis->NOT_INDEXED(not indexed),org.jetbrains.kotlin.idea.versions.KotlinJvmMetadataVersionIndex->NOT_INDEXED(not indexed),org.jetbrains.kotlin.idea.vfilefinder.KotlinClassFileIndex->NOT_INDEXED(not indexed),KotlinTopLevelCallableByPackageShortNameIndex->NOT_INDEXED(not indexed),org.jetbrains.kotlin.idea.vfilefinder.KotlinPartialPackageNamesIndex->NOT_INDEXED(not indexed),KotlinTopLevelClassLikeDeclarationByPackageShortNameIndex->NOT_INDEXED(not indexed),KotlinBinaryRootToPackageIndex->NOT_INDEXED(not indexed),filetypes->NOT_INDEXED(not indexed),Stubs->NOT_INDEXED(not indexed),]. Scanner has updated file IsNull.class (id=91160) with appliers: [SingleIndexValueApplier{indexId=filetypes, inputId=91160, fileInfo='IsNull.class(id=91160)'}] and removers: []; 
2026-06-10 09:30:21,540 [  32974]   INFO - #c.i.u.i.IndexingReasonExplanationLogger - Scheduling indexing of LogAdapter.class (id=91147) by request of indexes: [bytecodeAnalysis->NOT_INDEXED(not indexed),org.jetbrains.kotlin.idea.versions.KotlinJvmMetadataVersionIndex->NOT_INDEXED(not indexed),org.jetbrains.kotlin.idea.vfilefinder.KotlinClassFileIndex->NOT_INDEXED(not indexed),KotlinTopLevelCallableByPackageShortNameIndex->NOT_INDEXED(not indexed),org.jetbrains.kotlin.idea.vfilefinder.KotlinPartialPackageNamesIndex->NOT_INDEXED(not indexed),KotlinTopLevelClassLikeDeclarationByPackageShortNameIndex->NOT_INDEXED(not indexed),KotlinBinaryRootToPackageIndex->NOT_INDEXED(not indexed),filetypes->NOT_INDEXED(not indexed),Stubs->NOT_INDEXED(not indexed),]. Scanner has updated file LogAdapter.class (id=91147) with appliers: [SingleIndexValueApplier{indexId=filetypes, inputId=91147, fileInfo='LogAdapter.class(id=91147)'}] and removers: []; 
2026-06-10 09:30:21,545 [  32979]   INFO - #c.i.u.i.IndexingReasonExplanationLogger - Scanner has updated file logo.gif (id=92060) with appliers: [SingleIndexValueApplier{indexId=filetypes, inputId=92060, fileInfo='logo.gif(id=92060)'}] and removers: []; 
2026-06-10 09:30:21,545 [  32979]   INFO - #c.i.u.i.IndexingReasonExplanationLogger - Scanner has updated file smalllogo.gif (id=92056) with appliers: [SingleIndexValueApplier{indexId=filetypes, inputId=92056, fileInfo='smalllogo.gif(id=92056)'}] and removers: []; 
2026-06-10 09:30:21,558 [  32992]   INFO - #c.i.u.i.UnindexedFilesScanner - [15375f63] Scanning completed for [project]. Number of scanned files: 1409; number of files for indexing: 1403
2026-06-10 09:30:21,558 [  32992]   INFO - #c.i.o.p.UnindexedFilesScannerExecutor - [15375f63] Task finished (scanning id=2): com.intellij.util.indexing.UnindexedFilesScannerExecutorImpl$ScheduledScanningTask@68b12e4b
2026-06-10 09:30:21,558 [  32992]   INFO - #c.i.u.i.FileBasedIndexImpl - Indexes are already loaded
2026-06-10 09:30:21,559 [  32993]   INFO - #c.i.u.i.c.IndexUpdateRunner - Using 16 workers for indexing and 4 for writing indexes
2026-06-10 09:30:21,630 [  33064]   INFO - #c.i.u.i.ProjectChangedFilesScanner - Retrieving changed during indexing files of project : 4 to update, calculated in 4ms
2026-06-10 09:30:21,647 [  33081]   INFO - #c.i.u.i.UnindexedFilesIndexer - Finished for project. Unindexed files update took 88ms; general responsiveness: ok; EDT responsiveness: ok
2026-06-10 09:30:21,647 [  33081]   INFO - #c.i.o.p.MergingQueueGuiExecutor - Task finished: (dumb mode task) UnindexedFilesIndexer[project, reasons: [Changes from WorkspaceFileIndex (2 iterators)]]
2026-06-10 09:30:21,647 [  33081]   INFO - #c.i.o.p.MergingQueueGuiExecutor - Running task: (dumb mode task) com.intellij.openapi.roots.impl.PushedFilePropertiesUpdaterImpl$MyDumbModeTask@2372d21d (reason: Push on VFS changes)
2026-06-10 09:30:21,651 [  33085]   INFO - #c.i.o.p.MergingQueueGuiExecutor - Task finished: (dumb mode task) com.intellij.openapi.roots.impl.PushedFilePropertiesUpdaterImpl$MyDumbModeTask@2372d21d (reason: Push on VFS changes)
2026-06-10 09:30:21,651 [  33085]   INFO - #c.i.o.p.MergingQueueGuiExecutor - Running task: (dumb mode task) UnindexedFilesIndexer[project, reasons: [Merged Changes from WorkspaceFileIndex (1 iterators) with Changes from WorkspaceFileIndex (4 iterators) with Changes from WorkspaceFileIndex (4 iterators)]]
2026-06-10 09:30:21,651 [  33085]   INFO - #c.i.u.i.FileBasedIndexImpl - Indexes are already loaded
2026-06-10 09:30:21,651 [  33085]   INFO - #c.i.u.i.c.IndexUpdateRunner - Using 16 workers for indexing and 4 for writing indexes
2026-06-10 09:30:21,651 [  33085]   INFO - #c.i.u.i.ProjectChangedFilesScanner - Retrieving changed during indexing files of project : 0 to update, calculated in 0ms
2026-06-10 09:30:21,651 [  33085]   INFO - #c.i.u.i.UnindexedFilesIndexer - Finished for project. Unindexed files update took 0ms; general responsiveness: ok; EDT responsiveness: ok
2026-06-10 09:30:21,651 [  33085]   INFO - #c.i.o.p.MergingQueueGuiExecutor - Task finished: (dumb mode task) UnindexedFilesIndexer[project, reasons: [Merged Changes from WorkspaceFileIndex (1 iterators) with Changes from WorkspaceFileIndex (4 iterators) with Changes from WorkspaceFileIndex (4 iterators)]]
2026-06-10 09:30:21,653 [  33087]   INFO - STDOUT - 'dumb-mode' is completed.
2026-06-10 09:30:21,653 [  33087]   INFO - #c.i.o.p.DumbServiceImpl - exit dumb mode [project]
2026-06-10 09:30:21,653 [  33087]   INFO - STDOUT - 'Maven' is in progress...
2026-06-10 09:30:21,692 [  33126]   INFO - #c.i.i.b.BookmarksManager - no state loaded for new bookmarks
2026-06-10 09:30:21,694 [  33128]   INFO - #c.i.i.b.BookmarkManager - no state loaded for old bookmarks
2026-06-10 09:30:21,697 [  33131]   INFO - #c.i.i.f.FavoritesManager - no state loaded for old favorites
2026-06-10 09:30:21,710 [  33144]   INFO - #o.j.k.i.script - [KOTLIN_SCRIPTING] processing definitions provider org.jetbrains.kotlin.idea.core.script.k2.definitions.DefinitionFromDependenciesProvider
2026-06-10 09:30:33,167 [  44601]   INFO - #o.j.q.s.i.r.ConsoleLog - Keep running Project opening ... so far 30s
2026-06-10 09:30:33,167 [  44601]   INFO - STDOUT - Keep running Project opening ... so far 30s
2026-06-10 09:31:03,172 [  74606]   INFO - #o.j.q.s.i.r.ConsoleLog - Keep running Project opening ... so far 1m
2026-06-10 09:31:03,172 [  74606]   INFO - STDOUT - Keep running Project opening ... so far 1m
2026-06-10 09:31:14,196 [  85630]   INFO - #c.i.u.g.s.GistStorageImpl - Cleaning old huge-gists dirs from [/data/cache/idea/262/caches/huge-gists] ...
2026-06-10 09:31:14,198 [  85632]   INFO - #c.i.u.g.s.GistStorageImpl - Cleaning old huge-gists dirs finished
2026-06-10 09:31:21,658 [  93092]   INFO - #c.i.o.u.i.ExternalUpdateManager - update manager: -
2026-06-10 09:31:21,662 [  93096]   INFO - #c.i.o.w.i.LinuxUiUtil - Cannot get icon theme: Cannot run program "gsettings": Exec failed, error: 2 (No such file or directory) 
2026-06-10 09:31:33,172 [ 104606]   INFO - #o.j.q.s.i.r.ConsoleLog - Keep running Project opening ... so far 1m 30s
2026-06-10 09:31:33,173 [ 104607]   INFO - STDOUT - Keep running Project opening ... so far 1m 30s
2026-06-10 09:31:40,176 [ 111610]   INFO - #o.j.i.maven - maven plugin resolution finished, unresolved: []
2026-06-10 09:31:40,245 [ 111679]   WARN - #o.j.i.maven - updateAllMavenProjects finished: incremental=false, MavenProjectsManager.onProjectStartup project
2026-06-10 09:31:40,245 [ 111679]   INFO - STDOUT - 'Maven' is completed.
2026-06-10 09:31:40,245 [ 111679]   INFO - STDOUT - 'Queries for MergingUpdateQueue' is in progress...
2026-06-10 09:31:40,553 [ 111987]   INFO - STDOUT - 'Queries for MergingUpdateQueue' is completed.
2026-06-10 09:31:40,558 [ 111992]   INFO - #c.i.w.i.i.j.s.JpsGlobalModelSynchronizerImpl - Saving global entities com.intellij.platform.workspace.jps.entities.SdkEntity to files
2026-06-10 09:31:40,565 [ 111999]   INFO - #c.i.w.i.i.j.s.JpsGlobalModelSynchronizerImpl - Saving global entities com.intellij.platform.workspace.jps.entities.LibraryEntity to files
2026-06-10 09:31:40,645 [ 112079]   INFO - #c.i.a.o.PathMacrosImpl - Saved path macros: {MAVEN_REPOSITORY=/data/cache/.m2}
2026-06-10 09:31:40,676 [ 112110]   INFO - #c.i.w.i.i.j.s.JpsGlobalModelSynchronizerImpl - Saving global entities com.intellij.platform.workspace.jps.entities.SdkEntity to files
2026-06-10 09:31:40,676 [ 112110]   INFO - #c.i.w.i.i.j.s.JpsGlobalModelSynchronizerImpl - Saving global entities com.intellij.platform.workspace.jps.entities.LibraryEntity to files
2026-06-10 09:31:40,681 [ 112115]   INFO - #c.i.a.o.PathMacrosImpl - Saved path macros: {MAVEN_REPOSITORY=/data/cache/.m2}
2026-06-10 09:31:40,756 [ 112190]   INFO - #c.i.c.ComponentStoreImpl - Saving Project(name=project, containerState=COMPONENT_CREATED, componentStore=/data/project)XDebuggerManager took 11 ms
2026-06-10 09:31:40,761 [ 112195]   INFO - #c.i.o.p.DumbServiceImpl - enter dumb mode [project]
2026-06-10 09:31:40,762 [ 112196]   INFO - #c.i.o.p.MergingQueueGuiExecutor - Running task: (dumb mode task) com.intellij.openapi.roots.impl.PushedFilePropertiesUpdaterImpl$MyDumbModeTask@156fdf7b (reason: Push on VFS changes)
2026-06-10 09:31:40,764 [ 112198]   INFO - #c.i.o.p.MergingQueueGuiExecutor - Task finished: (dumb mode task) com.intellij.openapi.roots.impl.PushedFilePropertiesUpdaterImpl$MyDumbModeTask@156fdf7b (reason: Push on VFS changes)
2026-06-10 09:31:40,765 [ 112199]   INFO - #c.i.o.p.DumbServiceImpl - exit dumb mode [project]
2026-06-10 09:31:40,772 [ 112206]   INFO - STDOUT - Configuration phase 0 is completed. Initiating another phase to cover possible side effects...
2026-06-10 09:31:40,772 [ 112206]   INFO - STDOUT - All configuration phases are completed.
2026-06-10 09:31:40,772 [ 112206]   INFO - STDOUT - 'Queries for MergingUpdateQueue' is in progress...
2026-06-10 09:31:41,795 [ 113229]   INFO - STDOUT - 'Queries for MergingUpdateQueue' is completed.
2026-06-10 09:31:41,796 [ 113230]   INFO - #c.i.w.i.i.j.s.JpsGlobalModelSynchronizerImpl - Saving global entities com.intellij.platform.workspace.jps.entities.SdkEntity to files
2026-06-10 09:31:41,798 [ 113232]   INFO - #c.i.w.i.i.j.s.JpsGlobalModelSynchronizerImpl - Saving global entities com.intellij.platform.workspace.jps.entities.LibraryEntity to files
2026-06-10 09:31:41,847 [ 113281]   INFO - #c.i.a.o.PathMacrosImpl - Saved path macros: {MAVEN_REPOSITORY=/data/cache/.m2}
2026-06-10 09:31:41,863 [ 113297]   INFO - #c.i.w.i.i.j.s.JpsGlobalModelSynchronizerImpl - Saving global entities com.intellij.platform.workspace.jps.entities.SdkEntity to files
2026-06-10 09:31:41,864 [ 113298]   INFO - #c.i.w.i.i.j.s.JpsGlobalModelSynchronizerImpl - Saving global entities com.intellij.platform.workspace.jps.entities.LibraryEntity to files
2026-06-10 09:31:41,868 [ 113302]   INFO - #c.i.a.o.PathMacrosImpl - Saved path macros: {MAVEN_REPOSITORY=/data/cache/.m2}
2026-06-10 09:31:41,870 [ 113304]   INFO - STDOUT - Configuration phase 1 is completed. Initiating another phase to cover possible side effects...
2026-06-10 09:31:41,870 [ 113304]   INFO - STDOUT - All configuration phases are completed.
2026-06-10 09:31:41,870 [ 113304]   INFO - STDOUT - 'Queries for MergingUpdateQueue' is in progress...
2026-06-10 09:31:42,908 [ 114342]   INFO - STDOUT - 'Queries for MergingUpdateQueue' is completed.
2026-06-10 09:31:42,909 [ 114343]   INFO - #c.i.w.i.i.j.s.JpsGlobalModelSynchronizerImpl - Saving global entities com.intellij.platform.workspace.jps.entities.SdkEntity to files
2026-06-10 09:31:42,911 [ 114345]   INFO - #c.i.w.i.i.j.s.JpsGlobalModelSynchronizerImpl - Saving global entities com.intellij.platform.workspace.jps.entities.LibraryEntity to files
2026-06-10 09:31:42,957 [ 114391]   INFO - #c.i.a.o.PathMacrosImpl - Saved path macros: {MAVEN_REPOSITORY=/data/cache/.m2}
2026-06-10 09:31:42,973 [ 114407]   INFO - #c.i.w.i.i.j.s.JpsGlobalModelSynchronizerImpl - Saving global entities com.intellij.platform.workspace.jps.entities.SdkEntity to files
2026-06-10 09:31:42,974 [ 114408]   INFO - #c.i.w.i.i.j.s.JpsGlobalModelSynchronizerImpl - Saving global entities com.intellij.platform.workspace.jps.entities.LibraryEntity to files
2026-06-10 09:31:42,979 [ 114413]   INFO - #c.i.a.o.PathMacrosImpl - Saved path macros: {MAVEN_REPOSITORY=/data/cache/.m2}
2026-06-10 09:31:42,981 [ 114415]   INFO - STDOUT - Configuration phase 2 is completed. Initiating another phase to cover possible side effects...
2026-06-10 09:31:42,981 [ 114415]   INFO - STDOUT - All configuration phases are completed.
2026-06-10 09:31:43,014 [ 114448]   INFO - #o.j.q.s.i.r.ConsoleLog - The Project opening stage completed in 1m 39s
2026-06-10 09:31:43,014 [ 114448]   INFO - STDOUT - The Project opening stage completed in 1m 39s
2026-06-10 09:31:43,014 [ 114448]   INFO - STDOUT - done.
2026-06-10 09:31:43,047 [ 114481]   INFO - #c.i.o.p.DumbServiceImpl - enter dumb mode [project]
2026-06-10 09:31:43,047 [ 114481]   INFO - #o.j.q.s.i.r.ConsoleLog - Preparing for the Project configuration stage ...
2026-06-10 09:31:43,047 [ 114481]   INFO - STDOUT - Preparing for the Project configuration stage ...
2026-06-10 09:31:43,047 [ 114481]   INFO - STDOUT - 'Queries for MergingUpdateQueue' is in progress...
2026-06-10 09:31:43,047 [ 114481]   INFO - #c.i.o.p.MergingQueueGuiExecutor - Running task: (dumb mode task) com.intellij.openapi.roots.impl.PushedFilePropertiesUpdaterImpl$MyDumbModeTask@68b5be8 (reason: Push on VFS changes)
2026-06-10 09:31:43,050 [ 114484]   INFO - #c.i.o.p.MergingQueueGuiExecutor - Task finished: (dumb mode task) com.intellij.openapi.roots.impl.PushedFilePropertiesUpdaterImpl$MyDumbModeTask@68b5be8 (reason: Push on VFS changes)
2026-06-10 09:31:43,050 [ 114484]   INFO - #c.i.o.p.MergingQueueGuiExecutor - Running task: (dumb mode task) UnindexedFilesIndexer[project, reasons: [On refresh of files in project]]
2026-06-10 09:31:43,050 [ 114484]   INFO - #c.i.u.i.FileBasedIndexImpl - Indexes are already loaded
2026-06-10 09:31:43,050 [ 114484]   INFO - #c.i.u.i.c.IndexUpdateRunner - Using 16 workers for indexing and 4 for writing indexes
2026-06-10 09:31:43,051 [ 114485]   INFO - #c.i.u.i.ProjectChangedFilesScanner - Retrieving changed during indexing files of project : 16 to update, calculated in 1ms
2026-06-10 09:31:43,098 [ 114532]   INFO - #c.i.u.i.UnindexedFilesIndexer - Finished for project. Unindexed files update took 48ms; general responsiveness: ok; EDT responsiveness: ok
2026-06-10 09:31:43,098 [ 114532]   INFO - #c.i.o.p.MergingQueueGuiExecutor - Task finished: (dumb mode task) UnindexedFilesIndexer[project, reasons: [On refresh of files in project]]
2026-06-10 09:31:43,099 [ 114533]   INFO - #c.i.o.p.DumbServiceImpl - exit dumb mode [project]
2026-06-10 09:31:44,073 [ 115507]   INFO - STDOUT - 'Queries for MergingUpdateQueue' is completed.
2026-06-10 09:31:44,074 [ 115508]   INFO - #c.i.w.i.i.j.s.JpsGlobalModelSynchronizerImpl - Saving global entities com.intellij.platform.workspace.jps.entities.SdkEntity to files
2026-06-10 09:31:44,074 [ 115508]   INFO - #c.i.w.i.i.j.s.JpsGlobalModelSynchronizerImpl - Saving global entities com.intellij.platform.workspace.jps.entities.LibraryEntity to files
2026-06-10 09:31:44,117 [ 115551]   INFO - #c.i.a.o.PathMacrosImpl - Saved path macros: {MAVEN_REPOSITORY=/data/cache/.m2}
2026-06-10 09:31:44,133 [ 115567]   INFO - #c.i.w.i.i.j.s.JpsGlobalModelSynchronizerImpl - Saving global entities com.intellij.platform.workspace.jps.entities.SdkEntity to files
2026-06-10 09:31:44,133 [ 115567]   INFO - #c.i.w.i.i.j.s.JpsGlobalModelSynchronizerImpl - Saving global entities com.intellij.platform.workspace.jps.entities.LibraryEntity to files
2026-06-10 09:31:44,137 [ 115571]   INFO - #c.i.a.o.PathMacrosImpl - Saved path macros: {MAVEN_REPOSITORY=/data/cache/.m2}
2026-06-10 09:31:44,140 [ 115574]   INFO - STDOUT - Configuration phase 0 is completed. Initiating another phase to cover possible side effects...
2026-06-10 09:31:44,140 [ 115574]   INFO - STDOUT - All configuration phases are completed.
2026-06-10 09:31:44,140 [ 115574]   INFO - STDOUT - 'Queries for MergingUpdateQueue' is in progress...
2026-06-10 09:31:45,183 [ 116617]   INFO - STDOUT - 'Queries for MergingUpdateQueue' is completed.
2026-06-10 09:31:45,185 [ 116619]   INFO - #c.i.w.i.i.j.s.JpsGlobalModelSynchronizerImpl - Saving global entities com.intellij.platform.workspace.jps.entities.SdkEntity to files
2026-06-10 09:31:45,186 [ 116620]   INFO - #c.i.w.i.i.j.s.JpsGlobalModelSynchronizerImpl - Saving global entities com.intellij.platform.workspace.jps.entities.LibraryEntity to files
2026-06-10 09:31:45,229 [ 116663]   INFO - #c.i.a.o.PathMacrosImpl - Saved path macros: {MAVEN_REPOSITORY=/data/cache/.m2}
2026-06-10 09:31:45,245 [ 116679]   INFO - #c.i.w.i.i.j.s.JpsGlobalModelSynchronizerImpl - Saving global entities com.intellij.platform.workspace.jps.entities.SdkEntity to files
2026-06-10 09:31:45,245 [ 116679]   INFO - #c.i.w.i.i.j.s.JpsGlobalModelSynchronizerImpl - Saving global entities com.intellij.platform.workspace.jps.entities.LibraryEntity to files
2026-06-10 09:31:45,248 [ 116682]   INFO - #c.i.a.o.PathMacrosImpl - Saved path macros: {MAVEN_REPOSITORY=/data/cache/.m2}
2026-06-10 09:31:45,250 [ 116684]   INFO - STDOUT - Configuration phase 1 is completed. Initiating another phase to cover possible side effects...
2026-06-10 09:31:45,250 [ 116684]   INFO - STDOUT - All configuration phases are completed.
2026-06-10 09:31:45,250 [ 116684]   INFO - STDOUT - 'Queries for MergingUpdateQueue' is in progress...
2026-06-10 09:31:46,271 [ 117705]   INFO - STDOUT - 'Queries for MergingUpdateQueue' is completed.
2026-06-10 09:31:46,273 [ 117707]   INFO - #c.i.w.i.i.j.s.JpsGlobalModelSynchronizerImpl - Saving global entities com.intellij.platform.workspace.jps.entities.SdkEntity to files
2026-06-10 09:31:46,273 [ 117707]   INFO - #c.i.w.i.i.j.s.JpsGlobalModelSynchronizerImpl - Saving global entities com.intellij.platform.workspace.jps.entities.LibraryEntity to files
2026-06-10 09:31:46,318 [ 117752]   INFO - #c.i.a.o.PathMacrosImpl - Saved path macros: {MAVEN_REPOSITORY=/data/cache/.m2}
2026-06-10 09:31:46,333 [ 117767]   INFO - #c.i.w.i.i.j.s.JpsGlobalModelSynchronizerImpl - Saving global entities com.intellij.platform.workspace.jps.entities.SdkEntity to files
2026-06-10 09:31:46,333 [ 117767]   INFO - #c.i.w.i.i.j.s.JpsGlobalModelSynchronizerImpl - Saving global entities com.intellij.platform.workspace.jps.entities.LibraryEntity to files
2026-06-10 09:31:46,336 [ 117770]   INFO - #c.i.a.o.PathMacrosImpl - Saved path macros: {MAVEN_REPOSITORY=/data/cache/.m2}
2026-06-10 09:31:46,338 [ 117772]   INFO - STDOUT - Configuration phase 2 is completed. Initiating another phase to cover possible side effects...
2026-06-10 09:31:46,338 [ 117772]   INFO - STDOUT - All configuration phases are completed.
2026-06-10 09:31:46,351 [ 117785]   INFO - #o.j.q.s.i.r.s.QodanaProjectLoader - Project configured
2026-06-10 09:31:46,352 [ 117786]   INFO - #o.j.q.s.w.QodanaWorkflowExtension - Running configureForQodana Qodana workflow layer: QodanaConfigureNotificationCollector, QodanaSetUserMavenSettings, QodanaRecoverGradleJdks, QodanaDisableHtmlInJsInjections
2026-06-10 09:31:46,378 [ 117812]   INFO - #o.j.q.s.w.QodanaWorkflowExtension - Running configureForQodana Qodana workflow layer: QodanaReimportMavenProjects, QodanaRefreshProjectJdkTable
2026-06-10 09:31:46,383 [ 117817]   INFO - #c.i.o.p.UnindexedFilesScannerExecutor - [15375f63] Running task: com.intellij.util.indexing.UnindexedFilesScannerExecutorImpl$ScheduledScanningTask@5549035f
2026-06-10 09:31:46,383 [ 117817]   INFO - #c.i.w.i.i.EntitiesOrphanageImpl - Update orphanage. 0 modules added
2026-06-10 09:31:46,384 [ 117818]   INFO - #c.i.w.i.i.WorkspaceModelImpl - Project model for project project (locationHash=15375f63) updated to version 10 in 4 ms: Sync global entities with project: project
2026-06-10 09:31:46,384 [ 117818]   INFO - #c.i.w.i.i.GlobalWorkspaceModel - During global workspace model update the changes were also applied to project: project
2026-06-10 09:31:46,384 [ 117818]   INFO - #c.i.w.i.i.GlobalWorkspaceModel - Global model updated to version 3 in 5 ms: Modifying SDK SdkId(name=openjdk-26, type=JavaSDK)
2026-06-10 09:31:46,385 [ 117819]   INFO - STDOUT - 'Queries for MergingUpdateQueue' is in progress...
2026-06-10 09:31:46,386 [ 117820]   INFO - #c.i.u.i.UnindexedFilesScanner - [15375f63] scanning stage (scanning id=3): DelayedPushProperties
2026-06-10 09:31:46,386 [ 117820]   INFO - #c.i.u.i.FileBasedIndexImpl - Indexes are already loaded
2026-06-10 09:31:46,386 [ 117820]   INFO - #c.i.u.i.UnindexedFilesScanner - [15375f63] Started scanning for indexing of [project]. Reason: Changes from WorkspaceFileIndex (136 iterators)
2026-06-10 09:31:46,386 [ 117820]   INFO - #c.i.u.i.UnindexedFilesScanner - [15375f63] scanning stage (scanning id=3): CreatingIterators
2026-06-10 09:31:46,387 [ 117821]   INFO - #c.i.u.i.UnindexedFilesScanner - [15375f63] scanning stage (scanning id=3): CollectingIndexableFiles
2026-06-10 09:31:46,387 [ 117821]   INFO - #c.i.u.i.UnindexedFilesScanner - Scanning of [project] uses 16 scanning threads
2026-06-10 09:31:46,550 [ 117984]   INFO - #c.i.u.i.UnindexedFilesScanner - [15375f63] Scanning completed for [project]. Number of scanned files: 43388; number of files for indexing: 0
2026-06-10 09:31:46,550 [ 117984]   INFO - #c.i.u.i.PerProjectIndexingQueue - Finished for [project]. No files to index with loading content.
2026-06-10 09:31:46,550 [ 117984]   INFO - #c.i.o.p.UnindexedFilesScannerExecutor - [15375f63] Task finished (scanning id=3): com.intellij.util.indexing.UnindexedFilesScannerExecutorImpl$ScheduledScanningTask@5549035f
2026-06-10 09:31:47,407 [ 118841]   INFO - STDOUT - 'Queries for MergingUpdateQueue' is completed.
2026-06-10 09:31:47,408 [ 118842]   INFO - #c.i.w.i.i.j.s.JpsGlobalModelSynchronizerImpl - Saving global entities com.intellij.platform.workspace.jps.entities.SdkEntity to files
2026-06-10 09:31:47,408 [ 118842]   INFO - #c.i.w.i.i.j.s.JpsGlobalModelSynchronizerImpl - Saving global entities com.intellij.platform.workspace.jps.entities.LibraryEntity to files
2026-06-10 09:31:47,438 [ 118872]   INFO - #c.i.a.o.PathMacrosImpl - Saved path macros: {MAVEN_REPOSITORY=/data/cache/.m2}
2026-06-10 09:31:47,453 [ 118887]   INFO - #c.i.w.i.i.j.s.JpsGlobalModelSynchronizerImpl - Saving global entities com.intellij.platform.workspace.jps.entities.SdkEntity to files
2026-06-10 09:31:47,454 [ 118888]   INFO - #c.i.w.i.i.j.s.JpsGlobalModelSynchronizerImpl - Saving global entities com.intellij.platform.workspace.jps.entities.LibraryEntity to files
2026-06-10 09:31:47,456 [ 118890]   INFO - #c.i.a.o.PathMacrosImpl - Saved path macros: {MAVEN_REPOSITORY=/data/cache/.m2}
2026-06-10 09:31:47,459 [ 118893]   INFO - STDOUT - Configuration phase 0 is completed. Initiating another phase to cover possible side effects...
2026-06-10 09:31:47,459 [ 118893]   INFO - STDOUT - All configuration phases are completed.
2026-06-10 09:31:47,459 [ 118893]   INFO - STDOUT - 'Queries for MergingUpdateQueue' is in progress...
2026-06-10 09:31:48,469 [ 119903]   INFO - STDOUT - 'Queries for MergingUpdateQueue' is completed.
2026-06-10 09:31:48,470 [ 119904]   INFO - #c.i.w.i.i.j.s.JpsGlobalModelSynchronizerImpl - Saving global entities com.intellij.platform.workspace.jps.entities.SdkEntity to files
2026-06-10 09:31:48,470 [ 119904]   INFO - #c.i.w.i.i.j.s.JpsGlobalModelSynchronizerImpl - Saving global entities com.intellij.platform.workspace.jps.entities.LibraryEntity to files
2026-06-10 09:31:48,508 [ 119942]   INFO - #c.i.a.o.PathMacrosImpl - Saved path macros: {MAVEN_REPOSITORY=/data/cache/.m2}
2026-06-10 09:31:48,522 [ 119956]   INFO - #c.i.w.i.i.j.s.JpsGlobalModelSynchronizerImpl - Saving global entities com.intellij.platform.workspace.jps.entities.SdkEntity to files
2026-06-10 09:31:48,522 [ 119956]   INFO - #c.i.w.i.i.j.s.JpsGlobalModelSynchronizerImpl - Saving global entities com.intellij.platform.workspace.jps.entities.LibraryEntity to files
2026-06-10 09:31:48,524 [ 119958]   INFO - #c.i.a.o.PathMacrosImpl - Saved path macros: {MAVEN_REPOSITORY=/data/cache/.m2}
2026-06-10 09:31:48,526 [ 119960]   INFO - STDOUT - Configuration phase 1 is completed. Initiating another phase to cover possible side effects...
2026-06-10 09:31:48,526 [ 119960]   INFO - STDOUT - All configuration phases are completed.
2026-06-10 09:31:48,527 [ 119961]   INFO - STDOUT - 'Queries for MergingUpdateQueue' is in progress...
2026-06-10 09:31:49,543 [ 120977]   INFO - STDOUT - 'Queries for MergingUpdateQueue' is completed.
2026-06-10 09:31:49,544 [ 120978]   INFO - #c.i.w.i.i.j.s.JpsGlobalModelSynchronizerImpl - Saving global entities com.intellij.platform.workspace.jps.entities.SdkEntity to files
2026-06-10 09:31:49,546 [ 120980]   INFO - #c.i.w.i.i.j.s.JpsGlobalModelSynchronizerImpl - Saving global entities com.intellij.platform.workspace.jps.entities.LibraryEntity to files
2026-06-10 09:31:49,585 [ 121019]   INFO - #c.i.a.o.PathMacrosImpl - Saved path macros: {MAVEN_REPOSITORY=/data/cache/.m2}
2026-06-10 09:31:49,599 [ 121033]   INFO - #c.i.w.i.i.j.s.JpsGlobalModelSynchronizerImpl - Saving global entities com.intellij.platform.workspace.jps.entities.SdkEntity to files
2026-06-10 09:31:49,599 [ 121033]   INFO - #c.i.w.i.i.j.s.JpsGlobalModelSynchronizerImpl - Saving global entities com.intellij.platform.workspace.jps.entities.LibraryEntity to files
2026-06-10 09:31:49,602 [ 121036]   INFO - #c.i.a.o.PathMacrosImpl - Saved path macros: {MAVEN_REPOSITORY=/data/cache/.m2}
2026-06-10 09:31:49,604 [ 121038]   INFO - STDOUT - Configuration phase 2 is completed. Initiating another phase to cover possible side effects...
2026-06-10 09:31:49,604 [ 121038]   INFO - STDOUT - All configuration phases are completed.
2026-06-10 09:31:49,616 [ 121050]   INFO - #o.j.q.s.i.r.s.QodanaProjectLoader - Qodana configurations applied
2026-06-10 09:31:49,616 [ 121050]   INFO - #o.j.q.s.w.QodanaWorkflowExtension - Running afterConfiguration Qodana workflow layer: QodanaCheckJvmProjectStructure, QodanaSendGitCommitsSummaryToFus
2026-06-10 09:31:49,632 [ 121066]   INFO - #o.j.q.s.i.r.ConsoleLog - The Project configuration stage completed in 6s
2026-06-10 09:31:49,632 [ 121066]   INFO - STDOUT - The Project configuration stage completed in 6s
2026-06-10 09:31:50,384 [ 121818]   INFO - STDOUT - Initializing project…Inspecting with the 'qodana.recommended' profile
2026-06-10 09:31:50,419 [ 121853]   INFO - #o.j.q.s.p.QodanaProfile - The 'qodana.sanity' profile is configured for sanity checks
2026-06-10 09:31:51,119 [ 122553]   INFO - #o.j.q.s.i.r.ConsoleLog - Preparing for the Project analysis stage ...
2026-06-10 09:31:51,120 [ 122554]   INFO - STDOUT - Preparing for the Project analysis stage ...
2026-06-10 09:31:51,147 [ 122581]   INFO - #c.i.a.AnalysisScope - Scanning scope took 6 ms
2026-06-10 09:31:51,152 [ 122586]   INFO - #c.i.c.e.GlobalJavaInspectionContextImpl - Processing external usages finished in 0 ms
2026-06-10 09:31:51,221 [ 122655]   INFO - STDOUT - Analyzing code 1%
2026-06-10 09:31:51,221 [ 122655]   INFO - STDOUT - Analyzing code 1%
2026-06-10 09:31:51,221 [ 122655]   INFO - STDOUT - Analyzing code 1%
2026-06-10 09:31:51,221 [ 122655]   INFO - STDOUT - Analyzing code 1%
2026-06-10 09:31:51,221 [ 122655]   INFO - STDOUT - Analyzing code 1%
2026-06-10 09:31:51,233 [ 122667]   INFO - STDOUT - Analyzing code 2%
2026-06-10 09:31:51,234 [ 122668]   INFO - STDOUT - Analyzing code 3%
2026-06-10 09:31:51,235 [ 122669]   INFO - STDOUT - Analyzing code 4%
2026-06-10 09:31:51,236 [ 122670]   INFO - STDOUT - Analyzing code 5%
2026-06-10 09:31:51,239 [ 122673]   INFO - STDOUT - Analyzing code 6%
2026-06-10 09:31:51,239 [ 122673]   INFO - STDOUT - Analyzing code 7%
2026-06-10 09:31:51,257 [ 122691]   INFO - STDOUT - Analyzing code 8%
2026-06-10 09:31:51,265 [ 122699]   INFO - #c.i.x.Html5SchemaProvider - HTML5_SCHEMA_LOCATION = /opt/idea/lib/intellij.relaxng.jar!/resources/html5-schema/html5.rnc
2026-06-10 09:31:51,278 [ 122712]   INFO - STDOUT - Analyzing code 9%
2026-06-10 09:31:51,285 [ 122719]   INFO - STDOUT - Analyzing code 10%
2026-06-10 09:31:51,285 [ 122719]   INFO - STDOUT - Analyzing code 11%
2026-06-10 09:31:51,298 [ 122732]   INFO - STDOUT - Analyzing code 12%
2026-06-10 09:31:51,299 [ 122733]   INFO - STDOUT - Analyzing code 13%
2026-06-10 09:31:51,299 [ 122733]   INFO - STDOUT - Analyzing code 14%
2026-06-10 09:31:51,309 [ 122743]   INFO - STDOUT - Analyzing code 15%
2026-06-10 09:31:51,316 [ 122750]   INFO - STDOUT - Analyzing code 16%
2026-06-10 09:31:51,317 [ 122751]   INFO - STDOUT - Analyzing code 17%
2026-06-10 09:31:51,325 [ 122759]   INFO - STDOUT - Analyzing code 18%
2026-06-10 09:31:51,335 [ 122769]   INFO - STDOUT - Analyzing code 19%
2026-06-10 09:31:51,349 [ 122783]   INFO - STDOUT - Analyzing code 20%
2026-06-10 09:31:51,417 [ 122851]   INFO - STDOUT - Analyzing code 21%
2026-06-10 09:31:51,440 [ 122874]   INFO - STDOUT - Analyzing code 22%
2026-06-10 09:31:51,445 [ 122879]   INFO - STDOUT - Analyzing code 23%
2026-06-10 09:31:51,448 [ 122882]   INFO - STDOUT - Analyzing code 24%
2026-06-10 09:31:51,450 [ 122884]   INFO - STDOUT - Analyzing code 25%
2026-06-10 09:31:51,455 [ 122889]   INFO - STDOUT - Analyzing code 26%
2026-06-10 09:31:51,458 [ 122892]   INFO - STDOUT - Analyzing code 27%
2026-06-10 09:31:51,460 [ 122894]   INFO - STDOUT - Analyzing code 28%
2026-06-10 09:31:51,480 [ 122914]   INFO - STDOUT - Analyzing code 29%
2026-06-10 09:31:51,483 [ 122917]   INFO - STDOUT - Analyzing code 30%
2026-06-10 09:31:51,486 [ 122920]   INFO - STDOUT - Analyzing code 31%
2026-06-10 09:31:51,496 [ 122930]   INFO - STDOUT - Analyzing code 32%
2026-06-10 09:31:51,498 [ 122932]   INFO - STDOUT - Analyzing code 33%
2026-06-10 09:31:51,499 [ 122933]   INFO - STDOUT - Analyzing code 34%
2026-06-10 09:31:51,521 [ 122955]   INFO - STDOUT - Analyzing code 35%
2026-06-10 09:31:51,522 [ 122956]   INFO - STDOUT - Analyzing code 36%
2026-06-10 09:31:51,523 [ 122957]   INFO - STDOUT - Analyzing code 37%
2026-06-10 09:31:51,525 [ 122959]   INFO - STDOUT - Analyzing code 38%
2026-06-10 09:31:51,527 [ 122961]   INFO - STDOUT - Analyzing code 39%
2026-06-10 09:31:51,532 [ 122966]   INFO - STDOUT - Analyzing code 40%
2026-06-10 09:31:51,546 [ 122980]   INFO - STDOUT - Analyzing code 41%
2026-06-10 09:31:51,555 [ 122989]   INFO - STDOUT - Analyzing code 42%
2026-06-10 09:31:51,571 [ 123005]   INFO - STDOUT - Analyzing code 43%
2026-06-10 09:31:51,581 [ 123015]   INFO - STDOUT - Analyzing code 44%
2026-06-10 09:31:51,600 [ 123034]   INFO - STDOUT - Analyzing code 45%
2026-06-10 09:31:51,786 [ 123220]   INFO - STDOUT - Analyzing code 46%
2026-06-10 09:31:51,792 [ 123226]   INFO - STDOUT - Analyzing code 47%
2026-06-10 09:31:51,847 [ 123281]   INFO - #o.j.q.s.i.r.AsyncInspectionToolResultWriter - Async result writer started
2026-06-10 09:31:51,871 [ 123305]   INFO - STDOUT - Analyzing code 48%
2026-06-10 09:31:51,872 [ 123306]   INFO - STDOUT - Analyzing code 49%
2026-06-10 09:31:51,873 [ 123307]   INFO - STDOUT - Analyzing code 50%
2026-06-10 09:31:51,876 [ 123310]   INFO - STDOUT - Analyzing code 51%
2026-06-10 09:31:51,877 [ 123311]   INFO - STDOUT - Analyzing code 52%
2026-06-10 09:31:51,879 [ 123313]   INFO - STDOUT - Analyzing code 53%
2026-06-10 09:31:51,893 [ 123327]   INFO - STDOUT - Analyzing code 54%
2026-06-10 09:31:51,909 [ 123343]   INFO - STDOUT - Analyzing code 55%
2026-06-10 09:31:51,923 [ 123357]   INFO - STDOUT - Analyzing code 56%
2026-06-10 09:31:51,940 [ 123374]   INFO - STDOUT - Analyzing code 57%
2026-06-10 09:31:51,989 [ 123423]   INFO - STDOUT - Analyzing code 58%
2026-06-10 09:31:51,991 [ 123425]   INFO - STDOUT - Analyzing code 59%
2026-06-10 09:31:51,996 [ 123430]   INFO - STDOUT - Analyzing code 60%
2026-06-10 09:31:52,052 [ 123486]   INFO - STDOUT - Analyzing code 61%
2026-06-10 09:31:52,054 [ 123488]   INFO - STDOUT - Analyzing code 62%
2026-06-10 09:31:52,405 [ 123839]   INFO - STDOUT - Analyzing code 63%
2026-06-10 09:31:52,764 [ 124198]   INFO - STDOUT - Analyzing code 64%
2026-06-10 09:31:52,765 [ 124199]   INFO - STDOUT - Analyzing code 65%
2026-06-10 09:31:52,791 [ 124225]   INFO - STDOUT - Analyzing code 66%
2026-06-10 09:31:52,805 [ 124239]   INFO - STDOUT - Analyzing code 67%
2026-06-10 09:31:52,810 [ 124244]   INFO - STDOUT - Analyzing code 68%
2026-06-10 09:31:53,024 [ 124458]   INFO - STDOUT - Analyzing code 69%
2026-06-10 09:31:53,026 [ 124460]   INFO - STDOUT - Analyzing code 70%
2026-06-10 09:31:53,053 [ 124487]   INFO - STDOUT - Analyzing code 71%
2026-06-10 09:31:53,337 [ 124771]   INFO - STDOUT - Analyzing code 72%
2026-06-10 09:31:53,715 [ 125149]   INFO - #o.j.q.s.i.r.ConsoleLog - The Project analysis stage completed in 2s
2026-06-10 09:31:53,715 [ 125149]   INFO - STDOUT - The Project analysis stage completed in 2s
2026-06-10 09:31:53,740 [ 125174]   INFO - #o.j.q.s.s.n.RuntimeNotificationCollector$NotificationReportContributor - No tool errors to report to sarif file
2026-06-10 09:31:53,740 [ 125174]   WARN - #o.j.q.s.s.GitReportContributor - Unable to find the remote url, please set the environment variable QODANA_REMOTE_URL
2026-06-10 09:31:53,740 [ 125174]   WARN - #o.j.q.s.s.GitReportContributor - Unable to parse the repository url, please set the environment variable QODANA_REPO_URL, should start with https://
2026-06-10 09:31:53,752 [ 125186]   INFO - #o.j.q.s.w.QodanaWorkflowExtension - Running beforeProjectClose Qodana workflow layer: InspectionStatisticsLogger
2026-06-10 09:31:53,786 [ 125220]   INFO - #c.i.p.p.ProjectEntitiesStorage - Project ProjectId#m3oon8i8tf8cifa7rb85 is disposed, removing entity
2026-06-10 09:31:53,791 [ 125225]   INFO - #c.i.w.i.i.GlobalWorkspaceModel - Project project is removed from the list of initializing and open projects. Project is being disposed.
2026-06-10 09:31:53,803 [ 125237]   INFO - #c.i.c.b.CompilerReferenceServiceBase - backward reference index reader is closed (didn't exist)
2026-06-10 09:31:53,805 [ 125239]   INFO - #c.i.e.r.RemoteProcessSupport - Terminating: 127.0.0.1:18260/Maven36ServerImpld7dab358
2026-06-10 09:31:53,805 [ 125239]   INFO - #c.i.e.r.RemoteProcessSupport - Remote process will terminate: null message = null
2026-06-10 09:31:53,818 [ 125252]   INFO - STDOUT - 
2026-06-10 09:31:53,818 [ 125252]   INFO - STDOUT - Qodana - Detailed summary
2026-06-10 09:31:53,818 [ 125252]   INFO - STDOUT - Analysis results: 12 problems detected
2026-06-10 09:31:53,818 [ 125252]   INFO - STDOUT - By severity: High - 11, Moderate - 1
2026-06-10 09:31:53,818 [ 125252]   INFO - STDOUT - ----------------------------------------------------------------------------
2026-06-10 09:31:53,819 [ 125253]   INFO - STDOUT - Name                                                Severity  Problems count
2026-06-10 09:31:53,819 [ 125253]   INFO - STDOUT - ----------------------------------------------------------------------------
2026-06-10 09:31:53,819 [ 125253]   INFO - STDOUT - Unused import                                           High              11
2026-06-10 09:31:53,819 [ 125253]   INFO - STDOUT - Commented out code                                  Moderate               1
2026-06-10 09:31:53,819 [ 125253]   INFO - STDOUT - ----------------------------------------------------------------------------
2026-06-10 09:31:53,819 [ 125253]   INFO - STDOUT - 
2026-06-10 09:31:53,819 [ 125253]   INFO - STDOUT - 
2026-06-10 09:31:53,873 [ 125307]   INFO - #o.j.q.s.i.r.QodanaInspectionApplication - sessionId: 26061009-bb304dbaf87a
2026-06-10 09:31:53,878 [ 125312]   INFO - #c.i.w.i.i.j.s.JpsGlobalModelSynchronizerImpl - Saving global entities com.intellij.platform.workspace.jps.entities.SdkEntity to files
2026-06-10 09:31:53,878 [ 125312]   INFO - #c.i.w.i.i.j.s.JpsGlobalModelSynchronizerImpl - Saving global entities com.intellij.platform.workspace.jps.entities.LibraryEntity to files
2026-06-10 09:31:53,881 [ 125315]   INFO - #c.i.a.o.PathMacrosImpl - Saved path macros: {MAVEN_REPOSITORY=/data/cache/.m2}
2026-06-10 09:31:53,888 [ 125322]   INFO - #c.i.i.s.e.u.EventLogExternalUploader - Statistics. Started external process for uploading event log
2026-06-10 09:31:53,896 [ 125330]   INFO - #c.i.o.f.i.FileTypeDetectionService - 487 auto-detected files. Detection took 143 ms
2026-06-10 09:31:53,899 [ 125333]   INFO - #o.j.i.BuiltInServer - web server stopped
2026-06-10 09:31:53,901 [ 125335]   INFO - #c.i.u.i.FileBasedIndexImpl - Index dispose started
2026-06-10 09:31:53,916 [ 125350]   INFO - #c.i.p.s.StubIndexImpl - StubIndexExtension-s were unloaded
2026-06-10 09:31:53,916 [ 125350]   INFO - #c.i.p.s.SerializationManagerImpl - Start shutting down /data/cache/idea/262/index/rep.names
2026-06-10 09:31:53,916 [ 125350]   INFO - #c.i.p.s.SerializationManagerImpl - Finished shutting down /data/cache/idea/262/index/rep.names
2026-06-10 09:31:53,917 [ 125351]   INFO - #c.i.u.i.FileBasedIndexImpl - Index dispose completed in 15ms.
2026-06-10 09:31:53,920 [ 125354]   INFO - #c.i.o.v.n.p.PersistentFSImpl - VFS disconnect started
2026-06-10 09:31:53,921 [ 125355]   INFO - #c.i.o.v.n.p.FSRecordsImpl - VFS closing
2026-06-10 09:31:53,921 [ 125355]   INFO - #c.i.o.v.n.p.PersistentFSImpl - VFS disconnect completed in 0 ms.
2026-06-10 09:31:53,931 [ 125365]   INFO - #c.i.p.i.b.AppStarter - ------------------------------------------------------ IDE SHUTDOWN ------------------------------------------------------
